time(s),preprocessor,alamAPI_API,alamAPI_DB
0,56.15,30.49,144.3
1,56.15,30.49,144.3
2,56.15,30.49,144.3
3,56.15,30.49,144.3
4,56.15,30.49,144.3
5,56.15,30.49,144.4
6,56.15,30.49,144.3
7,56.15,30.49,144.3
8,56.16,30.49,144.3
9,56.16,30.49,144.3
10,56.16,30.49,144.3
11,56.16,30.49,144.3
12,56.16,30.49,144.3
13,56.16,30.49,146.3
14,56.16,30.49,146.3
15,56.16,30.49,146.3
16,56.16,30.49,146.3
17,56.16,30.49,146.4
18,56.16,30.49,146.3
19,56.16,30.49,146.3
20,56.16,30.49,146.4
21,56.16,30.49,146.3
22,56.16,30.49,146.3
23,56.16,30.49,146.3
24,56.16,30.49,146.3
25,56.16,30.49,146.3
26,56.16,30.49,146.3
27,56.16,30.49,146.3
28,56.16,30.49,146.3
29,56.16,30.49,146.3
30,56.16,30.49,146.3
31,56.16,30.49,146.3
32,56.16,30.49,146.3
33,56.16,30.49,146.3
34,56.16,30.49,146.3
35,56.16,30.49,146.3
36,56.16,30.49,146.3
37,56.16,30.49,146.3
38,56.16,30.49,146.4
39,56.16,30.49,146.4
40,56.16,30.49,146.3
41,56.16,30.49,146.3
42,56.16,30.49,146.4
43,56.16,30.49,146.3
44,56.16,30.49,146.3
45,56.16,30.49,146.4
46,56.16,30.49,146.3
47,56.16,30.49,146.3
48,56.16,30.49,146.3
49,56.16,30.49,146.3
50,56.16,30.49,146.3
51,56.16,30.49,146.3
52,56.16,30.49,146.3
53,56.16,30.49,146.3
54,56.16,30.49,146.3
55,56.16,30.49,146.3
56,56.16,30.49,146.3
57,56.16,30.49,146.3
58,56.16,30.49,146.3
59,56.16,30.49,146.3
60,56.16,30.49,146.4
61,56.16,30.49,146.3
62,56.16,30.49,146.3
63,56.16,30.49,146.3
64,56.16,30.49,146.3
65,56.16,30.49,146.3
66,56.16,30.49,146.3
67,56.17,30.49,146.3
68,56.17,30.49,146.3
69,56.17,30.49,146.3
70,56.17,30.49,146.3
71,56.17,30.49,146.4
72,56.17,30.49,146.4
73,56.17,30.49,146.3
74,56.17,30.49,146.3
75,56.17,30.49,146.3
76,56.17,30.49,146.4
77,56.17,30.49,146.3
78,56.17,30.49,146.3
79,56.17,30.49,146.3
80,56.17,30.49,146.3
81,56.17,30.49,146.4
82,56.17,30.49,146.4
83,56.17,30.49,146.3
84,56.17,30.49,146.3
85,56.17,30.49,146.4
86,56.17,30.49,146.3
87,56.17,30.49,146.3
88,56.17,30.49,146.3
89,56.17,30.49,146.3
90,56.17,30.49,146.3
91,56.17,30.49,146.3
92,56.17,30.49,146.3
93,56.17,30.49,146.3
94,56.17,30.49,146.3
95,56.17,30.49,146.3
96,56.17,30.49,146.4
97,56.17,30.49,146.3
98,56.17,30.49,146.3
99,56.17,30.49,146.3
100,56.17,30.49,146.4
101,56.17,30.49,146.4
102,56.17,30.49,146.4
103,56.17,30.49,146.3
104,56.17,30.49,146.4
105,56.17,30.49,146.3
106,56.17,30.49,146.3
107,56.17,30.49,146.3
108,56.17,30.49,146.4
109,56.17,30.49,146.3
110,56.17,30.49,146.3
111,56.17,30.49,146.3
112,56.17,30.49,146.3
113,56.17,30.49,146.3
114,56.17,30.49,146.3
115,56.17,30.49,146.3
116,56.17,30.49,146.4
117,56.17,30.49,146.4
118,56.17,30.49,146.3
119,56.17,30.49,146.3
120,56.17,30.49,146.3
121,56.17,30.49,146.4
122,56.17,30.49,146.3
123,56.17,30.49,146.3
124,56.17,30.49,146.3
125,56.17,30.49,146.3
126,56.17,30.49,146.3
127,56.17,30.49,146.3
128,56.17,30.49,146.3
129,56.17,30.49,146.3
130,56.17,30.49,146.4
131,56.17,30.49,146.3
132,56.17,30.49,146.3
133,56.17,30.49,146.4
134,56.17,30.49,146.3
135,56.17,30.49,146.4
136,56.17,30.49,146.3
137,56.17,30.49,146.3
138,56.17,30.49,146.3
139,56.17,30.49,146.3
140,56.17,30.49,146.3
141,56.17,30.49,146.4
142,56.17,30.49,146.3
143,56.17,30.49,146.3
144,56.17,30.49,146.4
145,56.17,30.49,146.4
146,56.17,30.49,146.4
147,56.17,30.49,146.3
148,56.17,30.49,146.3
149,56.17,30.49,146.3
150,56.17,30.49,146.3
151,56.18,30.49,146.3
152,56.18,30.49,146.3
153,56.18,30.49,146.3
154,56.18,30.49,146.3
155,56.18,30.49,146.3
156,56.18,30.49,146.3
157,56.18,30.49,146.3
158,56.18,30.49,146.3
159,56.18,30.49,146.3
160,56.18,30.49,146.3
161,56.18,30.49,146.3
162,56.18,30.49,146.3
163,56.18,30.49,146.3
164,56.18,30.49,146.3
165,56.18,30.49,146.4
166,56.18,30.49,146.3
167,56.18,30.49,146.3
168,56.18,30.49,146.3
169,56.18,30.49,146.4
170,56.18,30.49,146.3
171,56.18,30.49,146.3
172,56.18,30.49,146.3
173,56.18,30.49,146.3
174,56.18,30.49,146.3
175,56.18,30.49,146.3
176,56.18,30.49,146.3
177,56.18,30.49,146.3
178,56.18,30.49,146.4
179,56.18,30.49,146.3
180,56.18,30.49,146.3
181,56.18,30.49,146.3
182,56.18,30.49,146.3
183,56.18,30.49,146.3
184,56.18,30.49,146.3
185,56.18,30.49,146.3
186,56.18,30.49,146.3
187,56.18,30.49,146.3
188,56.18,30.49,146.3
189,56.18,30.49,146.3
190,56.18,30.49,146.3
191,56.18,30.49,146.3
192,56.18,30.49,146.3
193,56.18,30.49,146.3
194,56.18,30.49,146.3
195,56.18,30.49,146.3
196,56.18,30.49,146.4
197,56.18,30.49,146.3
198,56.18,30.49,146.3
199,56.18,30.49,146.3
200,56.18,30.49,146.3
201,56.18,30.49,146.3
202,56.18,30.49,146.3
203,56.18,30.49,146.3
204,56.18,30.49,146.3
205,56.18,30.49,146.3
206,56.18,30.49,146.3
207,56.18,30.49,146.3
208,56.18,30.49,146.3
209,56.18,30.49,146.3
210,56.18,30.49,146.3
211,56.18,30.49,146.3
212,56.18,30.49,146.4
213,56.18,30.49,146.4
214,56.18,30.49,146.3
215,56.18,30.49,146.3
216,56.18,30.49,146.3
217,56.18,30.49,146.3
218,56.18,30.49,146.3
219,56.18,30.49,146.4
220,56.18,30.49,148.3
221,56.18,30.49,148.3
222,56.18,30.49,148.3
223,56.18,30.49,148.3
224,56.18,30.49,148.3
225,56.18,30.49,148.3
226,56.18,30.49,148.4
227,56.18,30.49,148.3
228,56.18,30.49,148.3
229,56.18,30.49,148.3
230,56.18,30.49,148.3
231,56.18,30.49,148.3
232,56.18,30.49,148.3
233,56.18,30.49,148.3
234,56.18,30.49,148.4
235,56.18,30.49,148.3
236,56.18,30.49,148.3
237,56.18,30.49,148.3
238,56.18,30.49,148.4
239,56.18,30.49,148.3
240,56.18,30.49,148.4
241,56.18,30.49,148.3
242,56.18,30.49,148.4
243,56.18,30.49,148.4
244,56.18,30.49,148.3
245,56.18,30.49,148.3
246,56.18,30.49,148.3
247,56.18,30.49,148.3
248,56.18,30.49,148.3
249,56.18,30.49,148.3
250,56.18,30.49,148.3
251,56.18,30.49,148.3
252,56.18,30.49,148.3
253,56.18,30.49,148.4
254,56.18,30.49,148.4
255,56.18,30.49,148.3
256,56.18,30.49,148.3
257,56.18,30.49,148.3
258,56.18,30.49,148.3
259,56.18,30.49,148.4
260,56.18,30.49,148.3
261,56.18,30.49,148.3
262,56.18,30.49,148.4
263,56.18,30.49,148.3
264,56.18,30.49,148.3
265,56.18,30.49,148.3
266,56.18,30.49,148.3
267,56.18,30.49,148.3
268,56.18,30.49,148.3
269,56.18,30.49,148.3
270,56.18,30.49,148.4
271,56.18,30.49,148.3
272,56.18,30.49,148.3
273,56.18,30.49,148.3
274,56.18,30.49,148.3
275,56.18,30.49,148.3
276,56.18,30.49,148.3
277,56.18,30.49,148.3
278,56.18,30.49,148.3
279,56.18,30.49,148.3
280,56.18,30.49,148.3
281,56.18,30.49,148.3
282,56.18,30.49,148.3
283,56.18,30.49,148.3
284,56.18,30.49,148.4
285,56.18,30.49,148.4
286,56.18,30.49,148.3
287,56.18,30.49,148.3
288,56.18,30.49,148.3
289,56.18,30.49,148.3
290,56.18,30.49,148.4
291,56.18,30.49,148.3
292,56.18,30.49,148.3
293,56.18,30.49,148.3
294,56.18,30.49,148.3
295,56.18,30.49,148.3
296,56.18,30.49,148.3
297,56.18,30.49,148.3
298,56.18,30.49,148.3
299,56.18,30.49,148.4
300,56.18,30.49,148.3
301,56.18,30.49,148.4
302,56.18,30.49,148.3
303,56.18,30.49,148.3
304,56.18,30.49,148.3
305,56.18,30.49,148.3
306,56.18,30.49,148.3
307,56.18,30.49,148.3
308,56.18,30.49,148.3
309,56.18,30.49,148.3
310,56.18,30.49,148.4
311,56.18,30.49,148.3
312,56.18,30.49,148.3
313,56.18,30.49,148.3
314,56.18,30.49,148.3
315,56.18,30.49,148.3
316,56.18,30.49,148.3
317,56.18,30.49,148.3
318,56.18,30.49,148.3
319,56.18,30.49,148.3
320,56.18,30.49,148.3
321,56.18,30.49,148.3
322,56.18,30.49,148.3
323,56.18,30.49,148.3
324,56.18,30.49,148.3
325,56.18,30.49,148.3
326,56.18,30.49,148.4
327,56.18,30.49,148.3
328,56.18,30.49,148.3
329,56.18,30.49,148.3
330,56.18,30.49,148.4
331,56.18,30.49,148.3
332,56.18,30.49,148.3
333,56.18,30.49,148.3
334,56.18,30.49,148.3
335,56.18,30.49,148.3
336,56.18,30.49,148.3
337,56.18,30.49,148.3
338,56.18,30.49,148.3
339,56.18,30.49,148.4
340,56.18,30.49,148.3
341,56.18,30.49,148.3
342,56.18,30.49,148.3
343,56.18,30.49,148.3
344,56.18,30.49,148.3
345,56.18,30.49,148.4
346,56.18,30.49,148.3
347,56.18,30.49,148.3
348,56.18,30.49,148.3
349,56.19,30.49,148.3
350,56.19,30.49,148.3
351,56.19,30.49,148.3
352,56.19,30.49,148.3
353,56.19,30.49,148.3
354,56.19,30.49,148.3
355,56.19,30.49,148.3
356,56.19,30.49,148.3
357,56.19,30.49,148.3
358,56.19,30.49,148.3
359,56.19,30.49,148.3
360,56.19,30.49,148.3
361,56.19,30.49,148.3
362,56.19,30.49,148.3
363,56.19,30.49,148.3
364,56.19,30.49,148.3
365,56.19,30.49,148.3
366,56.19,30.49,148.3
367,56.19,30.49,148.3
368,56.19,30.49,148.3
369,56.19,30.49,148.3
370,56.19,30.49,148.3
371,56.19,30.49,148.3
372,56.19,30.49,148.3
373,56.19,30.49,148.3
374,56.19,30.49,148.3
375,56.19,30.49,148.3
376,56.19,30.49,148.3
377,56.19,30.49,148.3
378,56.19,30.49,148.3
379,56.19,30.49,148.3
380,56.19,30.49,148.3
381,56.19,30.49,148.3
382,56.19,30.49,148.3
383,56.19,30.49,148.3
384,56.19,30.49,148.3
385,56.19,30.49,148.3
386,56.19,30.49,148.4
387,56.19,30.49,148.3
388,56.19,30.49,148.3
389,56.19,30.49,148.4
390,56.19,30.49,148.3
391,56.19,30.49,148.3
392,56.19,30.49,148.3
393,56.19,30.49,148.3
394,56.19,30.49,148.3
395,56.19,30.49,148.3
396,56.19,30.49,148.3
397,56.19,30.49,148.3
398,56.19,30.49,148.4
399,56.19,30.49,148.3
400,56.19,30.49,148.3
401,56.19,30.49,148.4
402,56.19,30.49,148.3
403,56.19,30.49,148.3
404,56.19,30.49,148.3
405,56.19,30.49,148.4
406,56.19,30.49,148.4
407,56.19,30.49,148.4
408,56.19,30.49,148.4
409,56.19,30.49,148.3
410,56.19,30.49,148.3
411,56.19,30.49,148.3
412,56.19,30.49,148.3
413,56.19,30.49,148.3
414,56.19,30.49,148.3
415,56.19,30.49,148.3
416,56.19,30.49,148.3
417,56.19,30.49,148.4
418,56.19,30.49,148.4
419,56.19,30.49,148.4
420,56.19,30.49,148.3
421,56.19,30.49,148.4
422,56.19,30.49,148.4
423,56.19,30.49,148.3
424,56.19,30.49,148.3
425,56.19,30.49,148.3
426,56.19,30.49,148.3
427,56.19,30.49,148.3
428,56.19,30.49,148.3
429,56.19,30.49,148.3
430,56.19,30.49,148.3
431,56.19,30.49,148.3
432,56.19,30.49,148.3
433,56.19,30.49,148.3
434,56.19,30.49,148.3
435,56.19,30.49,148.4
436,56.19,30.49,148.3
437,56.19,30.49,148.3
438,56.19,30.49,148.3
439,56.19,30.49,148.3
440,56.19,30.49,148.3
441,56.19,30.49,148.3
442,56.19,30.49,148.3
443,56.19,30.49,148.3
444,56.19,30.49,148.3
445,56.19,30.49,148.3
446,56.19,30.49,148.3
447,56.19,30.49,148.3
448,56.19,30.49,148.3
449,56.19,30.49,148.3
450,56.19,30.49,148.3
451,56.19,30.49,148.3
452,56.19,30.49,148.3
453,56.19,30.49,148.3
454,56.19,30.49,148.3
455,56.19,30.49,148.4
456,56.19,30.49,148.3
457,56.19,30.49,150.3
458,56.19,30.49,150.4
459,56.19,30.49,150.3
460,56.19,30.49,150.3
461,56.19,30.49,150.3
462,56.19,30.49,150.4
463,56.19,30.49,150.3
464,56.19,30.49,150.3
465,56.19,30.49,150.3
466,56.19,30.49,150.3
467,56.19,30.49,150.3
468,56.19,30.49,150.3
469,56.19,30.49,150.3
470,56.19,30.49,150.3
471,56.19,30.49,150.4
472,56.19,30.49,150.3
473,56.19,30.49,150.3
474,56.19,30.49,150.3
475,56.19,30.49,150.3
476,56.19,30.49,150.4
477,56.19,30.49,150.3
478,56.19,30.49,150.3
479,56.19,30.49,150.3
480,56.19,30.49,150.3
481,56.19,30.49,150.3
482,56.19,30.49,150.3
483,56.19,30.49,150.3
484,56.19,30.49,150.3
485,56.19,30.49,150.3
486,56.19,30.49,150.3
487,56.19,30.49,150.3
488,56.19,30.49,150.3
489,56.19,30.49,150.3
490,56.19,30.49,150.3
491,56.19,30.49,150.3
492,56.19,30.49,150.3
493,56.19,30.49,150.3
494,56.19,30.49,150.4
495,56.19,30.49,150.3
496,56.19,30.49,150.3
497,56.19,30.49,150.4
498,56.19,30.49,150.4
499,56.19,30.49,150.3
500,56.19,30.49,150.3
501,56.19,30.49,150.3
502,56.2,30.49,150.3
503,56.2,30.49,150.3
504,56.2,30.49,150.3
505,56.2,30.49,150.3
506,56.2,30.49,150.3
507,56.2,30.49,150.3
508,56.2,30.49,150.3
509,56.2,30.49,150.3
510,56.2,30.49,150.3
511,56.2,30.49,150.3
512,56.2,30.49,150.4
513,56.2,30.49,150.3
514,56.2,30.49,150.3
515,56.2,30.49,150.3
516,56.2,30.49,150.3
517,56.2,30.49,150.3
518,56.2,30.49,150.3
519,56.2,30.49,150.3
520,56.2,30.49,150.3
521,56.2,30.49,150.3
522,56.2,30.49,150.3
523,56.2,30.49,150.3
524,56.2,30.49,150.3
525,56.2,30.49,150.3
526,56.2,30.49,150.3
527,56.2,30.49,150.3
528,56.2,30.49,150.3
529,56.2,30.49,150.3
530,56.2,30.49,150.3
531,56.2,30.49,150.3
532,56.2,30.49,150.3
533,56.2,30.49,150.3
534,56.2,30.49,150.3
535,56.2,30.49,150.3
536,56.2,30.49,150.3
537,56.2,30.49,150.3
538,56.2,30.49,150.3
539,56.2,30.49,150.3
540,56.2,30.49,150.3
541,56.2,30.49,150.3
542,56.2,30.49,150.3
543,56.2,30.49,150.4
544,56.2,30.49,150.3
545,56.2,30.49,150.3
546,56.2,30.49,150.3
547,56.2,30.49,150.3
548,56.2,30.49,150.4
549,56.2,30.49,150.3
550,56.2,30.49,150.4
551,56.2,30.49,150.3
552,56.2,30.49,150.3
553,56.2,30.49,150.3
554,56.2,30.49,150.4
555,56.2,30.49,150.3
556,56.2,30.49,150.3
557,56.2,30.49,150.3
558,56.2,30.49,150.3
559,56.2,30.49,150.3
560,56.2,30.49,150.3
561,56.2,30.49,150.3
562,56.2,30.49,150.3
563,56.2,30.49,150.3
564,56.2,30.49,150.3
565,56.2,30.49,150.3
566,56.2,30.49,150.3
567,56.2,30.49,150.3
568,56.2,30.49,150.3
569,56.2,30.49,150.3
570,56.2,30.49,150.4
571,56.2,30.49,150.3
572,56.2,30.49,150.3
573,56.2,30.49,150.3
574,56.2,30.49,150.3
575,56.2,30.49,150.3
576,56.2,30.49,150.3
577,56.2,30.49,150.3
578,56.2,30.49,150.3
579,56.2,30.49,150.3
580,56.2,30.49,150.3
581,56.2,30.49,150.3
582,56.2,30.49,150.3
583,56.2,30.49,150.3
584,56.2,30.49,150.3
585,56.2,30.49,150.3
586,56.2,30.49,150.3
587,56.2,30.49,150.3
588,56.2,30.49,150.3
589,56.2,30.49,150.3
590,56.2,30.49,150.3
591,56.2,30.49,150.3
592,56.2,30.49,150.3
593,56.2,30.49,150.3
594,56.2,30.49,150.3
595,56.2,30.49,150.3
596,56.2,30.49,150.3
597,56.2,30.49,150.3
598,56.2,30.49,150.3
599,56.2,30.49,150.3
600,56.2,30.49,150.3
601,56.2,30.49,150.3
602,56.2,30.49,150.3
603,56.2,30.49,150.3
604,56.2,30.49,150.3
605,56.2,30.49,150.3
606,56.2,30.49,150.3
607,56.2,30.49,150.4
608,56.2,30.49,150.4
609,56.2,30.49,150.3
610,56.2,30.49,150.3
611,56.2,30.49,150.3
612,56.2,30.49,150.3
613,56.2,30.49,150.3
614,56.2,30.49,150.3
615,56.2,30.49,150.4
616,56.2,30.49,150.3
617,56.2,30.49,150.3
618,56.2,30.49,150.3
619,56.2,30.49,150.3
620,56.2,30.49,150.3
621,56.2,30.49,150.3
622,56.2,30.49,150.3
623,56.2,30.49,150.3
624,56.2,30.49,150.3
625,56.2,30.49,150.4
626,56.2,30.49,150.3
627,56.2,30.49,150.3
628,56.2,30.49,150.3
629,56.2,30.49,150.3
630,56.2,30.49,150.3
631,56.2,30.49,150.3
632,56.2,30.49,150.3
633,56.2,30.49,150.4
634,56.2,30.49,150.3
635,56.2,30.49,150.3
636,56.2,30.49,150.3
637,56.2,30.49,150.3
638,56.2,30.49,150.4
639,56.2,30.49,150.3
640,56.2,30.49,150.3
641,56.2,30.49,150.3
642,56.2,30.49,150.4
643,56.2,30.49,150.3
644,56.2,30.49,150.3
645,56.2,30.49,150.3
646,56.2,30.49,150.3
647,56.2,30.49,150.3
648,56.2,30.49,150.3
649,56.2,30.49,150.3
650,56.2,30.49,150.3
651,56.2,30.49,150.3
652,56.2,30.49,150.3
653,56.2,30.49,150.3
654,56.2,30.49,150.3
655,56.2,30.49,150.3
656,56.2,30.49,150.3
657,56.2,30.49,150.3
658,56.2,30.49,150.3
659,56.2,30.49,150.3
660,56.2,30.49,150.3
661,56.2,30.49,150.3
662,56.2,30.49,150.3
663,56.2,30.49,150.3
664,56.2,30.49,150.3
665,56.2,30.49,150.4
666,56.2,30.49,150.3
667,56.2,30.49,150.4
668,56.2,30.49,150.3
669,56.2,30.49,150.3
670,56.2,30.49,150.3
671,56.2,30.49,150.3
672,56.2,30.49,150.3
673,56.2,30.49,150.3
674,56.2,30.49,150.4
675,56.2,30.49,150.3
676,56.2,30.49,150.3
677,56.2,30.49,150.3
678,56.2,30.49,150.4
679,56.2,30.49,150.4
680,56.2,30.49,150.3
681,56.2,30.49,150.3
682,56.2,30.49,150.4
683,56.2,30.49,150.3
684,56.2,30.49,150.4
685,56.2,30.49,150.3
686,56.2,30.49,150.3
687,56.2,30.49,150.3
688,56.2,30.49,150.3
689,56.2,30.49,150.3
690,56.2,30.49,150.3
691,56.2,30.49,150.3
692,56.2,30.49,150.3
693,56.2,30.49,150.3
694,56.2,30.49,152.3
695,56.2,30.49,152.3
696,56.2,30.49,152.3
697,56.2,30.49,152.3
698,56.2,30.49,152.3
699,56.2,30.49,152.3
700,56.2,30.49,152.3
701,56.2,30.49,152.4
702,56.2,30.49,152.3
703,56.2,30.49,152.3
704,56.2,30.49,152.3
705,56.2,30.49,152.3
706,56.2,30.49,152.3
707,56.2,30.49,152.3
708,56.2,30.49,152.3
709,56.2,30.49,152.3
710,56.2,30.49,152.3
711,56.2,30.49,152.4
712,56.2,30.49,152.3
713,56.2,30.49,152.3
714,56.2,30.49,152.3
715,56.2,30.49,152.3
716,56.2,30.49,152.3
717,56.2,30.49,152.3
718,56.2,30.49,152.4
719,56.2,30.49,152.3
720,56.2,30.49,152.3
721,56.2,30.49,152.3
722,56.2,30.49,152.3
723,56.2,30.49,152.4
724,56.2,30.49,152.3
725,56.2,30.49,152.4
726,56.2,30.49,152.3
727,56.2,30.49,152.3
728,56.2,30.49,152.3
729,56.2,30.49,152.3
730,56.2,30.49,152.3
731,56.2,30.49,152.3
732,56.2,30.49,152.3
733,56.2,30.49,152.3
734,56.2,30.49,152.3
735,56.2,30.49,152.3
736,56.2,30.49,152.3
737,56.2,30.49,152.3
738,56.2,30.49,152.3
739,56.2,30.49,152.4
740,56.2,30.49,152.3
741,57.68,30.49,152.3
742,57.68,30.49,152.4
743,57.68,30.49,152.3
744,57.68,30.49,152.3
745,57.68,30.49,152.3
746,57.68,30.49,152.4
747,57.68,30.49,152.3
748,57.68,30.49,152.4
749,57.68,30.49,152.3
750,57.68,30.49,152.3
751,57.68,30.49,152.4
752,57.68,30.49,152.3
753,57.68,30.49,152.4
754,57.68,30.49,152.3
755,57.68,30.49,152.3
756,57.68,30.49,152.3
757,57.68,30.49,152.3
758,57.68,30.49,152.3
759,57.68,30.49,152.4
760,57.68,30.49,152.3
761,57.68,30.49,152.3
762,57.68,30.49,152.3
763,57.68,30.49,152.3
764,57.68,30.49,152.4
765,57.68,30.49,152.3
766,57.68,30.49,152.3
767,57.68,30.49,152.3
768,57.68,30.49,152.3
769,57.68,30.49,152.4
770,57.68,30.49,152.3
771,57.68,30.49,152.3
772,57.68,30.49,152.3
773,57.68,30.49,152.3
774,57.68,30.49,152.4
775,57.68,30.49,152.3
776,57.68,30.49,152.3
777,57.68,30.49,152.3
778,57.68,30.49,152.3
779,57.68,30.49,152.3
780,57.68,30.49,152.3
781,57.68,30.49,152.3
782,57.68,30.49,152.3
783,57.68,30.49,152.3
784,57.68,30.49,152.3
785,57.68,30.49,152.3
786,57.68,30.49,152.3
787,57.68,30.49,152.3
788,57.68,30.49,152.3
789,57.68,30.49,152.4
790,57.68,30.49,152.3
791,57.68,30.49,152.3
792,57.68,30.49,152.3
793,57.68,30.49,154.3
794,57.68,30.49,154.3
795,57.68,30.49,154.3
796,57.68,30.49,154.3
797,57.68,30.49,154.4
798,57.68,30.49,154.4
799,57.68,30.49,154.5
800,57.68,30.49,154.4
801,57.68,30.49,154.4
802,57.68,30.49,154.4
803,57.68,30.49,154.4
804,57.68,30.49,154.4
805,57.68,30.49,154.4
806,57.68,30.49,154.4
807,57.68,30.49,154.4
808,57.68,30.49,154.4
809,57.68,30.49,154.4
810,57.68,30.49,154.4
811,57.68,30.49,154.4
812,57.68,30.49,154.4
813,57.68,30.49,154.4
814,57.68,30.49,154.4
815,57.68,30.49,154.4
816,57.68,30.49,154.4
817,57.68,30.49,154.4
818,57.69,30.49,154.4
819,57.69,30.49,154.4
820,57.69,30.49,154.4
821,57.69,30.49,154.4
822,57.72,30.49,154.4
823,57.72,30.49,154.4
824,57.72,30.49,154.4
825,57.72,30.49,154.4
826,57.72,30.49,154.5
827,57.79,30.49,155.2
828,57.79,30.49,155.1
829,57.79,30.49,155.1
830,57.79,30.49,155.1
831,57.79,30.49,155.1
832,57.79,30.49,155.2
833,57.79,30.49,155.1
834,57.79,30.49,155.2
835,57.79,30.49,155.1
836,57.79,30.49,155.1
837,57.79,30.49,155.3
838,57.79,30.49,155.3
839,57.79,30.49,155.3
840,57.79,30.49,155.3
841,57.79,30.49,155.3
842,57.79,30.49,155.3
843,57.79,30.49,155.4
844,57.79,30.49,155.3
845,57.79,30.49,155.3
846,57.79,30.49,155.3
847,57.79,30.49,155.3
848,57.79,30.49,155.3
849,57.79,30.49,155.3
850,57.79,30.49,155.4
851,57.79,30.49,155.4
852,57.79,30.49,0.1533203125
853,57.79,30.49,0.1533203125
854,57.79,30.49,0.1533203125
855,57.79,30.49,0.1533203125
856,57.79,30.49,0.1533203125
857,57.79,30.49,0.1533203125
858,57.79,30.49,0.1533203125
859,57.79,30.49,157.1
860,57.79,30.49,0.1533203125
861,57.79,30.49,0.1533203125
862,57.79,30.49,157.1
863,57.79,30.49,157.1
864,57.79,30.49,0.1533203125
865,57.79,30.49,0.1533203125
866,57.79,30.49,0.1533203125
867,57.79,30.49,0.1533203125
868,57.79,30.49,0.1533203125
869,57.79,30.49,157.1
870,57.79,30.49,0.1533203125
871,57.79,30.49,0.1533203125
872,57.79,30.49,0.1533203125
873,57.79,30.49,0.1533203125
874,57.79,30.49,0.1533203125
875,57.79,30.49,0.1533203125
876,57.79,30.49,0.1533203125
877,57.79,30.49,0.1533203125
878,57.79,30.49,0.1533203125
879,57.79,30.49,0.1533203125
880,57.79,30.49,157.1
881,57.79,30.49,0.1533203125
882,57.79,30.49,0.1533203125
883,57.79,30.49,0.1533203125
884,57.79,30.49,0.1533203125
885,57.79,30.49,0.1533203125
886,57.79,30.49,0.1533203125
887,57.79,30.49,0.1533203125
888,57.79,30.49,0.1533203125
889,57.79,30.49,0.1533203125
890,57.79,30.49,0.1533203125
891,57.79,30.49,0.1533203125
892,57.79,30.49,0.1533203125
893,57.79,30.49,0.1533203125
894,57.79,30.49,0.1533203125
895,57.79,30.49,0.1533203125
896,57.79,30.49,0.1533203125
897,57.79,30.49,0.1533203125
898,57.79,30.49,0.1533203125
899,57.79,30.49,0.1533203125
900,57.79,30.49,0.1533203125
901,57.79,30.49,157.1
902,57.79,30.49,0.1533203125
903,57.79,30.49,0.1533203125
904,57.79,30.49,0.1533203125
905,57.79,30.49,0.1533203125
906,57.79,30.49,0.1533203125
907,57.79,30.49,0.1533203125
908,57.79,30.49,0.1533203125
909,57.79,30.49,157.1
910,57.79,30.49,0.1533203125
911,57.79,30.49,0.1533203125
912,57.79,30.49,0.1533203125
913,57.79,30.49,0.1533203125
914,57.79,30.49,0.1533203125
915,57.79,30.49,0.1533203125
916,57.79,30.49,0.1533203125
917,57.79,30.49,0.1533203125
918,57.79,30.49,0.1533203125
919,57.79,30.49,0.1533203125
920,57.79,30.49,0.1533203125
921,57.79,30.49,0.1533203125
922,57.79,30.49,0.1533203125
923,57.79,30.49,0.1533203125
924,57.79,30.49,0.1533203125
925,57.79,30.49,157.1
926,57.79,30.49,0.1533203125
927,57.79,30.49,0.1533203125
928,57.79,30.49,0.1533203125
929,57.79,30.49,0.1533203125
930,57.79,30.49,0.1552734375
931,57.79,30.49,0.1552734375
932,57.79,30.49,0.1552734375
933,57.79,30.49,159.1
934,57.79,30.49,0.1552734375
935,57.79,30.49,0.1552734375
936,57.79,30.49,0.1552734375
937,57.79,30.49,0.1552734375
938,57.79,30.49,0.1552734375
939,57.79,30.49,0.1552734375
940,57.79,30.49,0.1552734375
941,57.79,30.49,0.1552734375
942,57.79,30.49,0.1552734375
943,57.79,30.49,0.1552734375
944,57.79,30.49,0.1552734375
945,57.79,30.49,0.1552734375
946,57.79,30.49,0.1552734375
947,57.79,30.49,159.1
948,57.79,30.49,159.1
949,57.79,30.49,0.1552734375
950,57.79,30.49,0.1552734375
951,57.79,30.49,0.1552734375
952,57.79,30.49,0.1552734375
953,57.79,30.49,0.1552734375
954,57.79,30.49,0.1552734375
955,57.79,30.49,0.1552734375
956,57.79,30.49,0.1552734375
957,57.79,30.49,0.1552734375
958,57.79,30.49,0.1552734375
959,57.79,30.49,0.1552734375
960,57.79,30.49,0.1552734375
961,57.79,30.49,0.1552734375
962,57.79,30.49,0.1552734375
963,57.79,30.49,0.1552734375
964,57.79,30.49,0.1552734375
965,57.79,30.49,0.1552734375
966,57.79,30.49,0.1552734375
967,57.79,30.49,0.1552734375
968,57.79,30.49,159.1
969,57.79,30.49,159.1
970,57.79,30.49,159.1
971,57.79,30.49,0.1552734375
972,57.79,30.49,0.1552734375
973,57.79,30.49,0.1552734375
974,57.79,30.49,0.1552734375
975,57.79,30.49,0.1552734375
976,57.79,30.49,0.1552734375
977,57.79,30.49,0.1552734375
978,57.79,30.49,0.1552734375
979,57.79,30.49,0.1552734375
980,57.79,30.49,0.1552734375
981,57.79,30.49,0.1552734375
982,57.79,30.49,0.1552734375
983,57.79,30.49,159.1
984,57.79,30.49,0.1552734375
985,57.79,30.49,0.1552734375
986,57.79,30.49,0.1552734375
987,57.79,30.49,0.1552734375
988,57.79,30.49,159.1
989,57.79,30.49,0.1552734375
990,57.79,30.49,0.1552734375
991,57.79,30.49,159.1
992,57.79,30.49,0.1552734375
993,57.79,30.49,159.1
994,57.79,30.49,0.1552734375
995,57.79,30.49,0.1552734375
996,57.79,30.49,0.1552734375
997,57.79,30.49,0.1552734375
998,57.79,30.49,0.1552734375
999,57.79,30.49,0.1552734375
1000,57.79,30.49,0.1552734375
1001,57.79,30.49,0.1552734375
1002,57.79,30.49,0.1552734375
1003,57.79,30.49,0.1552734375
1004,57.79,30.49,0.1552734375
1005,57.79,30.49,0.1552734375
1006,57.79,30.49,159.1
1007,57.79,30.49,0.1552734375
1008,57.79,30.49,0.1552734375
1009,57.79,30.49,0.1552734375
1010,57.79,30.49,0.1552734375
1011,57.79,30.49,0.1552734375
1012,57.79,30.49,0.1552734375
1013,57.79,30.49,0.1552734375
1014,57.79,30.49,0.1552734375
1015,57.79,30.49,0.1552734375
1016,57.79,30.49,159.1
1017,57.79,30.49,0.1552734375
1018,57.79,30.49,0.1552734375
1019,57.79,30.49,0.1552734375
1020,57.79,30.49,0.1552734375
1021,57.79,30.49,0.1552734375
1022,57.79,30.49,0.1552734375
1023,57.79,30.49,0.1552734375
1024,57.79,30.49,0.1552734375
1025,57.79,30.49,0.1552734375
1026,57.79,30.49,0.1552734375
1027,57.79,30.49,0.1552734375
1028,57.79,30.49,159.1
1029,57.79,30.49,0.1552734375
1030,57.79,30.49,0.1552734375
1031,57.79,30.49,0.1552734375
1032,57.79,30.49,0.1552734375
1033,57.79,30.49,0.1552734375
1034,57.79,30.49,0.1552734375
1035,57.79,30.49,0.1552734375
1036,57.79,30.49,0.1552734375
1037,57.79,30.49,0.1552734375
1038,57.79,30.49,0.1552734375
1039,57.79,30.49,0.1552734375
1040,57.79,30.49,0.1552734375
1041,57.79,30.49,0.1552734375
1042,57.79,30.49,0.1552734375
1043,57.79,30.49,0.1552734375
1044,57.79,30.49,0.1552734375
1045,57.79,30.49,0.1552734375
1046,57.79,30.49,0.1552734375
1047,57.79,30.49,0.1552734375
1048,57.79,30.49,0.1552734375
1049,57.79,30.49,0.1552734375
1050,57.79,30.49,0.1552734375
1051,57.79,30.49,0.1552734375
1052,57.79,30.49,0.1552734375
1053,57.79,30.49,0.1552734375
1054,57.79,30.49,0.1552734375
1055,57.79,30.49,0.1552734375
1056,57.79,30.49,0.1552734375
1057,57.79,30.49,159.1
1058,57.79,30.49,0.1552734375
1059,57.79,30.49,0.1552734375
1060,57.79,30.49,0.1552734375
1061,57.79,30.49,0.1552734375
1062,57.79,30.49,159.1
1063,57.79,30.49,0.1552734375
1064,57.79,30.49,0.1552734375
1065,57.79,30.49,0.1552734375
1066,57.79,30.49,0.1552734375
1067,57.79,30.49,0.1552734375
1068,57.79,30.49,0.1552734375
1069,57.79,30.49,0.1552734375
1070,57.79,30.49,0.1552734375
1071,57.79,30.49,0.1552734375
1072,57.79,30.49,0.1552734375
1073,57.79,30.49,0.1552734375
1074,57.79,30.49,0.1552734375
1075,57.79,30.49,0.1552734375
1076,57.79,30.49,0.1552734375
1077,57.79,30.49,0.1552734375
1078,57.79,30.49,0.1552734375
1079,57.79,30.49,0.1552734375
1080,57.79,30.49,0.1552734375
1081,57.79,30.49,0.1552734375
1082,57.79,30.49,0.1552734375
1083,57.79,30.49,0.1552734375
1084,57.79,30.49,0.1552734375
1085,57.79,30.49,0.1552734375
1086,57.79,30.49,0.1552734375
1087,57.79,30.49,0.1552734375
1088,57.79,30.49,159.1
1089,57.79,30.49,159.1
1090,57.79,30.49,0.1552734375
1091,57.79,30.49,159.1
1092,57.79,30.49,159.1
1093,57.79,30.49,0.1552734375
1094,57.79,30.49,159.1
1095,57.79,30.49,0.1552734375
1096,57.79,30.49,0.1552734375
1097,57.79,30.49,159.1
1098,57.79,30.49,0.1552734375
1099,57.79,30.49,0.1552734375
1100,57.79,30.49,0.1552734375
1101,57.79,30.49,0.1552734375
1102,57.79,30.49,159.1
1103,57.79,30.49,0.1552734375
1104,57.79,30.49,0.1552734375
1105,57.79,30.49,0.1552734375
1106,57.79,30.49,0.1552734375
1107,57.79,30.49,0.1552734375
1108,57.79,30.49,161.1
1109,57.79,30.49,161.1
1110,57.79,30.49,0.1572265625
1111,57.79,30.49,161.1
1112,57.79,30.49,0.1572265625
1113,57.79,30.49,0.1572265625
1114,57.79,30.49,0.1572265625
1115,57.79,30.49,0.1572265625
1116,57.79,30.49,161.1
1117,57.79,30.49,0.1572265625
1118,57.79,30.49,0.1572265625
1119,57.79,30.49,0.1572265625
1120,57.79,30.49,0.1572265625
1121,57.79,30.49,161.1
1122,57.79,30.49,0.1572265625
1123,57.79,30.49,0.1572265625
1124,57.79,30.49,0.1572265625
1125,57.79,30.49,0.1572265625
1126,57.79,30.49,0.1572265625
1127,57.79,30.49,0.1572265625
1128,57.79,30.49,0.1572265625
1129,57.79,30.49,0.1572265625
1130,57.79,30.49,0.1572265625
1131,57.79,30.49,0.1572265625
1132,57.79,30.49,0.1572265625
1133,57.79,30.49,0.1572265625
1134,57.79,30.49,0.1572265625
1135,57.79,30.49,0.1572265625
1136,57.79,30.49,0.1572265625
1137,57.79,30.49,0.1572265625
1138,57.79,30.49,0.1572265625
1139,57.79,30.49,0.1572265625
1140,57.79,30.49,161.1
1141,57.79,30.49,161.1
1142,57.79,30.49,161.1
1143,57.79,30.49,0.1572265625
1144,57.79,30.49,0.1572265625
1145,57.79,30.49,0.1572265625
1146,57.79,30.49,0.1572265625
1147,57.79,30.49,0.1572265625
1148,57.79,30.49,0.1572265625
1149,57.79,30.49,0.1572265625
1150,57.79,30.49,161.1
1151,57.79,30.49,0.1572265625
1152,57.79,30.49,0.1572265625
1153,57.79,30.49,0.1572265625
1154,57.79,30.49,0.1572265625
1155,57.79,30.49,0.1572265625
1156,57.79,30.49,0.1572265625
1157,57.79,30.49,0.1572265625
1158,57.79,30.49,0.1572265625
1159,57.79,30.49,0.1572265625
1160,57.79,30.49,0.1572265625
1161,57.79,30.49,0.1572265625
1162,57.79,30.49,0.1572265625
1163,57.79,30.49,0.1572265625
1164,57.79,30.49,0.1572265625
1165,57.79,30.49,0.1572265625
1166,57.79,30.49,0.1572265625
1167,57.79,30.49,0.1572265625
1168,57.79,30.49,0.1572265625
1169,57.79,30.49,0.1572265625
1170,57.79,30.49,0.1572265625
1171,57.79,30.49,0.1572265625
1172,57.79,30.49,0.1572265625
1173,57.79,30.49,0.1572265625
1174,57.79,30.49,0.1572265625
1175,57.79,30.49,161.1
1176,57.79,30.49,0.1572265625
1177,57.79,30.49,0.1572265625
1178,57.79,30.49,0.1572265625
1179,57.79,30.49,0.1572265625
1180,57.79,30.49,0.1572265625
1181,57.79,30.49,161.1
1182,57.79,30.49,0.1572265625
1183,57.79,30.49,0.1572265625
1184,57.79,30.49,0.1572265625
1185,57.79,30.49,0.1572265625
1186,57.79,30.49,0.1572265625
1187,57.79,30.49,0.1572265625
1188,57.79,30.49,0.1572265625
1189,57.79,30.49,0.1572265625
1190,57.79,30.49,0.1572265625
1191,57.79,30.49,0.1572265625
1192,57.79,30.49,0.1572265625
1193,57.79,30.49,0.1572265625
1194,57.79,30.49,161.1
1195,57.79,30.49,0.1572265625
1196,57.79,30.49,0.1572265625
1197,57.79,30.49,0.1572265625
1198,57.79,30.49,0.1572265625
1199,57.79,30.49,0.1572265625
1200,57.79,30.49,0.1572265625
1201,57.79,30.49,0.1572265625
1202,57.79,30.49,161.1
1203,57.79,30.49,0.1572265625
1204,57.79,30.49,0.1572265625
1205,57.79,30.49,0.1572265625
1206,57.79,30.49,0.1572265625
1207,57.79,30.49,0.1572265625
1208,57.79,30.49,0.1572265625
1209,57.79,30.49,0.1572265625
1210,57.79,30.49,0.1572265625
1211,57.79,30.49,0.1572265625
1212,57.79,30.49,0.1572265625
1213,57.79,30.49,0.1572265625
1214,57.79,30.49,0.1572265625
1215,57.79,30.49,0.1572265625
1216,57.79,30.49,0.1572265625
1217,57.79,30.49,0.1572265625
1218,57.79,30.49,0.1572265625
1219,57.79,30.49,0.1572265625
1220,57.79,30.49,0.1572265625
1221,57.79,30.49,0.1572265625
1222,57.79,30.49,161.1
1223,57.79,30.49,0.1572265625
1224,57.79,30.49,0.1572265625
1225,57.79,30.49,0.1572265625
1226,57.79,30.49,0.1572265625
1227,57.79,30.49,0.1572265625
1228,57.79,30.49,161.1
1229,57.79,30.49,0.1572265625
1230,57.79,30.49,0.1572265625
1231,57.79,30.49,0.1572265625
1232,57.79,30.49,0.1572265625
1233,57.79,30.49,0.1572265625
1234,57.79,30.49,0.1572265625
1235,57.79,30.49,0.1572265625
1236,57.79,30.49,161.1
1237,57.79,30.49,0.1572265625
1238,57.79,30.49,0.1572265625
1239,57.79,30.49,0.1572265625
1240,57.79,30.49,0.1572265625
1241,57.79,30.49,0.1572265625
1242,57.79,30.49,161.1
1243,57.79,30.49,0.1572265625
1244,57.79,30.49,0.1572265625
1245,57.79,30.49,161.1
1246,57.79,30.49,0.1572265625
1247,57.79,30.49,161.1
1248,57.79,30.49,161.1
1249,57.79,30.49,0.1572265625
1250,57.79,30.49,0.1572265625
1251,57.79,30.49,161.1
1252,57.79,30.49,0.1572265625
1253,57.79,30.49,161.1
1254,57.79,30.49,0.1572265625
1255,57.79,30.49,0.1572265625
1256,57.79,30.49,161.1
1257,57.79,30.49,0.1572265625
1258,57.79,30.49,0.1572265625
1259,57.79,30.49,0.1572265625
1260,57.79,30.49,0.1572265625
1261,57.79,30.49,0.1572265625
1262,57.79,30.49,0.1572265625
1263,57.79,30.49,0.1572265625
1264,57.79,30.49,0.1572265625
1265,57.79,30.49,0.1572265625
1266,57.79,30.49,0.1572265625
1267,57.79,30.49,0.1572265625
1268,57.79,30.49,0.1572265625
1269,57.79,30.49,0.1572265625
1270,57.79,30.49,0.1572265625
1271,57.79,30.49,0.1572265625
1272,57.79,30.49,0.1572265625
1273,57.79,30.49,0.1572265625
1274,57.79,30.49,0.1572265625
1275,57.79,30.49,0.1572265625
1276,57.79,30.49,0.1572265625
1277,57.79,30.49,0.1572265625
1278,57.79,30.49,0.1572265625
1279,57.79,30.49,0.1572265625
1280,57.79,30.49,161.1
1281,57.79,30.49,0.1572265625
1282,57.79,30.49,0.1572265625
1283,57.79,30.49,0.1572265625
1284,57.79,30.49,0.1572265625
1285,57.79,30.49,0.1572265625
1286,57.79,30.49,0.1572265625
1287,57.79,30.49,0.1572265625
1288,57.79,30.49,0.1572265625
1289,57.79,30.49,0.1572265625
1290,57.79,30.49,0.1572265625
1291,57.79,30.49,0.1572265625
1292,57.79,30.49,0.1572265625
1293,57.79,30.49,161.1
1294,57.79,30.49,0.1572265625
1295,57.79,30.49,0.1572265625
1296,57.79,30.49,0.1572265625
1297,57.79,30.49,0.1572265625
1298,57.79,30.49,161.1
1299,57.79,30.49,0.1572265625
1300,57.79,30.49,161.1
1301,57.79,30.49,0.1572265625
1302,57.79,30.49,0.1572265625
1303,57.79,30.49,161.1
1304,57.79,30.49,0.1572265625
1305,57.79,30.49,0.1572265625
1306,57.79,30.49,161.1
1307,57.79,30.49,0.1572265625
1308,57.79,30.49,0.1572265625
1309,57.79,30.49,0.1572265625
1310,57.79,30.49,0.1572265625
1311,57.79,30.49,161.1
1312,57.79,30.49,0.1572265625
1313,57.79,30.49,161.1
1314,57.79,30.49,0.1572265625
1315,57.79,30.49,0.1572265625
1316,57.79,30.49,0.1572265625
1317,57.79,30.49,0.1572265625
1318,57.79,30.49,0.1572265625
1319,57.79,30.49,0.1572265625
1320,57.79,30.49,0.1572265625
1321,57.79,30.49,0.1572265625
1322,57.79,30.49,0.1572265625
1323,57.79,30.49,0.1572265625
1324,57.79,30.49,0.1572265625
1325,57.79,30.49,0.1572265625
1326,57.79,30.49,0.1572265625
1327,57.79,30.49,0.1572265625
1328,57.79,30.49,0.1572265625
1329,57.79,30.49,0.1572265625
1330,57.79,30.49,0.1572265625
1331,57.79,30.49,0.1572265625
1332,57.79,30.49,0.1572265625
1333,57.79,30.49,0.1572265625
1334,57.79,30.49,0.1572265625
1335,57.79,30.49,0.1572265625
1336,57.79,30.49,0.1572265625
1337,57.79,30.49,0.1572265625
1338,57.79,30.49,0.1572265625
1339,57.79,30.49,0.1572265625
1340,57.79,30.49,0.1572265625
1341,57.79,30.49,0.1572265625
1342,57.79,30.49,0.1572265625
1343,57.79,30.49,0.1572265625
1344,57.79,30.49,0.1572265625
1345,57.79,30.49,0.1591796875
1346,57.79,30.49,0.1591796875
1347,57.79,30.49,0.1591796875
1348,57.79,30.49,0.1591796875
1349,57.79,30.49,0.1591796875
1350,57.79,30.49,0.1591796875
1351,57.79,30.49,0.1591796875
1352,57.79,30.49,0.1591796875
1353,57.79,30.49,0.1591796875
1354,57.79,30.49,0.1591796875
1355,57.79,30.49,0.1591796875
1356,57.79,30.49,163.1
1357,57.79,30.49,0.1591796875
1358,57.79,30.49,0.1591796875
1359,57.79,30.49,0.1591796875
1360,57.79,30.49,0.1591796875
1361,57.79,30.49,0.1591796875
1362,57.79,30.49,0.1591796875
1363,57.79,30.49,0.1591796875
1364,57.79,30.49,0.1591796875
1365,57.79,30.49,0.1591796875
1366,57.79,30.49,0.1591796875
1367,57.79,30.49,0.1591796875
1368,57.79,30.49,0.1591796875
1369,57.79,30.49,0.1591796875
1370,57.79,30.49,0.1591796875
1371,57.79,30.49,0.1591796875
1372,57.79,30.49,0.1591796875
1373,57.79,30.49,0.1591796875
1374,57.79,30.49,0.1591796875
1375,57.79,30.49,0.1591796875
1376,57.79,30.49,0.1591796875
1377,57.79,30.49,0.1591796875
1378,57.79,30.49,0.1591796875
1379,57.79,30.49,0.1591796875
1380,57.8,30.49,0.1591796875
1381,57.8,30.49,163.1
1382,57.8,30.49,0.1591796875
1383,57.8,30.49,0.1591796875
1384,57.8,30.49,0.1591796875
1385,57.8,30.49,0.1591796875
1386,57.8,30.49,0.1591796875
1387,57.8,30.49,0.1591796875
1388,57.8,30.49,0.1591796875
1389,57.8,30.49,0.1591796875
1390,57.8,30.49,0.1591796875
1391,57.8,30.49,0.1591796875
1392,57.8,30.49,0.1591796875
1393,57.8,30.49,0.1591796875
1394,57.8,30.49,0.1591796875
1395,57.8,30.49,0.1591796875
1396,57.8,30.49,0.1591796875
1397,57.8,30.49,0.1591796875
1398,57.8,30.49,0.1591796875
1399,57.8,30.49,0.1591796875
1400,57.8,30.49,163.1
1401,57.8,30.49,0.1591796875
1402,57.8,30.49,163.1
1403,57.8,30.49,0.1591796875
1404,57.8,30.49,0.1591796875
1405,57.8,30.49,0.1591796875
1406,57.8,30.49,163.1
1407,57.8,30.49,0.1591796875
1408,57.8,30.49,163.1
1409,57.8,30.49,0.1591796875
1410,57.8,30.49,0.1591796875
1411,57.8,30.49,0.1591796875
1412,57.8,30.49,0.1591796875
1413,57.8,30.49,0.1591796875
1414,57.8,30.49,0.1591796875
1415,57.8,30.49,163.1
1416,57.8,30.49,0.1591796875
1417,57.8,30.49,0.1591796875
1418,57.8,30.49,163.1
1419,57.8,30.49,0.1591796875
1420,57.8,30.49,0.1591796875
1421,57.8,30.49,163.1
1422,57.8,30.49,0.1591796875
1423,57.8,30.49,0.1591796875
1424,57.8,30.49,0.1591796875
1425,57.8,30.49,0.1591796875
1426,57.8,30.49,0.1591796875
1427,57.8,30.49,0.1591796875
1428,57.8,30.49,0.1591796875
1429,57.8,30.49,0.1591796875
1430,57.8,30.49,0.1591796875
1431,57.8,30.49,0.1591796875
1432,57.8,30.49,0.1591796875
1433,57.8,30.49,0.1591796875
1434,57.8,30.49,0.1591796875
1435,57.8,30.49,0.1591796875
1436,57.8,30.49,0.1591796875
1437,57.8,30.49,0.1591796875
1438,57.8,30.49,0.1591796875
1439,57.8,30.49,0.1591796875
1440,57.8,30.49,0.1591796875
1441,57.8,30.49,0.1591796875
1442,57.8,30.49,0.1591796875
1443,57.8,30.49,0.1591796875
1444,57.8,30.49,0.1591796875
1445,57.8,30.49,0.1591796875
1446,57.8,30.49,0.1591796875
1447,57.8,30.49,0.1591796875
1448,57.8,30.49,0.1591796875
1449,57.8,30.49,0.1591796875
1450,57.8,30.49,0.1591796875
1451,57.8,30.49,163.1
1452,57.8,30.49,0.1591796875
1453,57.8,30.49,0.1591796875
1454,57.8,30.49,0.1591796875
1455,57.8,30.49,0.1591796875
1456,57.8,30.49,0.1591796875
1457,57.8,30.49,0.1591796875
1458,57.8,30.49,163.1
1459,57.8,30.49,0.1591796875
1460,57.8,30.49,0.1591796875
1461,57.8,30.49,0.1591796875
1462,57.8,30.49,0.1591796875
1463,57.8,30.49,0.1591796875
1464,57.8,30.49,0.1591796875
1465,57.8,30.49,0.1591796875
1466,57.8,30.49,0.1591796875
1467,57.8,30.49,0.1591796875
1468,57.8,30.49,0.1591796875
1469,57.8,30.49,0.1591796875
1470,57.8,30.49,0.1591796875
1471,57.8,30.49,0.1591796875
1472,57.8,30.49,0.1591796875
1473,57.8,30.49,0.1591796875
1474,57.8,30.49,0.1591796875
1475,57.8,30.49,0.1591796875
1476,57.8,30.49,0.1591796875
1477,57.8,30.49,163.1
1478,57.8,30.49,0.1591796875
1479,57.8,30.49,0.1591796875
1480,57.8,30.49,0.1591796875
1481,57.8,30.49,163.1
1482,57.8,30.49,0.1591796875
1483,57.8,30.49,0.1591796875
1484,57.8,30.49,0.1591796875
1485,57.8,30.49,0.1591796875
1486,57.8,30.49,0.1591796875
1487,57.8,30.49,0.1591796875
1488,57.8,30.49,0.1591796875
1489,57.8,30.49,0.1591796875
1490,57.8,30.49,0.1591796875
1491,57.8,30.49,0.1591796875
1492,57.8,30.49,0.1591796875
1493,57.8,30.49,0.1591796875
1494,57.8,30.49,0.1591796875
1495,57.8,30.49,0.1591796875
1496,57.8,30.49,0.1591796875
1497,57.8,30.49,163.1
1498,57.8,30.49,0.1591796875
1499,57.8,30.49,0.1591796875
1500,57.8,30.49,163.1
1501,57.8,30.49,0.1591796875
1502,57.8,30.49,0.1591796875
1503,57.8,30.49,0.1591796875
1504,57.8,30.49,0.1591796875
1505,57.8,30.49,0.1591796875
1506,57.8,30.49,0.1591796875
1507,57.8,30.49,0.1591796875
1508,57.8,30.49,163.1
1509,57.8,30.49,0.1591796875
1510,57.8,30.49,0.1591796875
1511,57.8,30.49,0.1591796875
1512,57.8,30.49,163.1
1513,57.8,30.49,0.1591796875
1514,57.8,30.49,0.1591796875
1515,57.8,30.49,0.1591796875
1516,57.8,30.49,0.1591796875
1517,57.8,30.49,0.1591796875
1518,57.8,30.49,0.1591796875
1519,57.8,30.49,0.1591796875
1520,57.8,30.49,0.1591796875
1521,57.8,30.49,0.1591796875
1522,57.8,30.49,0.1591796875
1523,57.8,30.49,0.1591796875
1524,57.8,30.49,0.1591796875
1525,57.8,30.49,0.1591796875
1526,57.8,30.49,0.1591796875
1527,57.8,30.49,163.1
1528,57.8,30.49,163.1
1529,57.8,30.49,163.1
1530,57.8,30.49,0.1591796875
1531,57.8,30.49,0.1591796875
1532,57.8,30.49,0.1591796875
1533,57.8,30.49,0.1591796875
1534,57.8,30.49,0.1591796875
1535,57.8,30.49,0.1591796875
1536,57.8,30.49,0.1591796875
1537,57.8,30.49,0.1591796875
1538,57.8,30.49,0.1591796875
1539,57.8,30.49,0.1591796875
1540,57.8,30.49,0.1591796875
1541,57.8,30.49,0.1591796875
1542,57.8,30.49,0.1591796875
1543,57.8,30.49,0.1591796875
1544,57.8,30.49,0.1591796875
1545,57.8,30.49,0.1591796875
1546,57.8,30.49,0.1591796875
1547,57.8,30.49,0.1591796875
1548,57.8,30.49,0.1591796875
1549,57.8,30.49,0.1591796875
1550,57.8,30.49,0.1591796875
1551,57.8,30.49,0.1591796875
1552,57.8,30.49,0.1591796875
1553,57.8,30.49,0.1591796875
1554,57.8,30.49,0.1591796875
1555,57.8,30.49,0.1591796875
1556,57.8,30.49,0.1591796875
1557,57.8,30.49,0.1591796875
1558,57.8,30.49,0.1591796875
1559,57.8,30.49,0.1591796875
1560,57.8,30.49,0.1591796875
1561,57.8,30.49,0.1591796875
1562,57.8,30.49,0.1591796875
1563,57.8,30.49,0.1591796875
1564,57.8,30.49,0.1591796875
1565,57.8,30.49,163.1
1566,57.8,30.49,0.1591796875
1567,57.8,30.49,0.1591796875
1568,57.8,30.49,0.1591796875
1569,57.8,30.49,0.1591796875
1570,57.8,30.49,0.1591796875
1571,57.8,30.49,0.1591796875
1572,57.8,30.49,0.1591796875
1573,57.8,30.49,0.1591796875
1574,57.8,30.49,0.1591796875
1575,57.8,30.49,0.1591796875
1576,57.8,30.49,0.1591796875
1577,57.8,30.49,0.1591796875
1578,57.8,30.49,0.1591796875
1579,57.8,30.49,0.1591796875
1580,57.8,30.49,163.1
1581,57.8,30.49,0.1591796875
1582,57.8,30.49,0.1611328125
1583,57.8,30.49,0.1611328125
1584,57.8,30.49,0.1611328125
1585,57.8,30.49,0.1611328125
1586,57.8,30.49,0.1611328125
1587,57.8,30.49,0.1611328125
1588,57.8,30.49,0.1611328125
1589,57.8,30.49,0.1611328125
1590,57.8,30.49,165.1
1591,57.8,30.49,165.1
1592,57.8,30.49,0.1611328125
1593,57.8,30.49,0.1611328125
1594,57.8,30.49,0.1611328125
1595,57.8,30.49,0.1611328125
1596,57.8,30.49,0.1611328125
1597,57.8,30.49,0.1611328125
1598,57.8,30.49,0.1611328125
1599,57.8,30.49,165.1
1600,57.8,30.49,0.1611328125
1601,57.8,30.49,0.1611328125
1602,57.8,30.49,0.1611328125
1603,57.8,30.49,0.1611328125
1604,57.8,30.49,0.1611328125
1605,57.8,30.49,0.1611328125
1606,57.8,30.49,0.1611328125
1607,57.8,30.49,0.1611328125
1608,57.8,30.49,0.1611328125
1609,57.8,30.49,0.1611328125
1610,57.8,30.49,0.1611328125
1611,57.8,30.49,0.1611328125
1612,57.8,30.49,0.1611328125
1613,57.8,30.49,0.1611328125
1614,57.8,30.49,0.1611328125
1615,57.8,30.49,165.1
1616,57.8,30.49,0.1611328125
1617,57.8,30.49,0.1611328125
1618,57.8,30.49,0.1611328125
1619,57.8,30.49,0.1611328125
1620,57.8,30.49,0.1611328125
1621,57.8,30.49,0.1611328125
1622,57.8,30.49,0.1611328125
1623,57.8,30.49,0.1611328125
1624,57.8,30.49,0.1611328125
1625,57.8,30.49,0.1611328125
1626,57.8,30.49,0.1611328125
1627,57.8,30.49,0.1611328125
1628,57.8,30.49,0.1611328125
1629,57.8,30.49,0.1611328125
1630,57.8,30.49,0.1611328125
1631,57.8,30.49,0.1611328125
1632,57.8,30.49,0.1611328125
1633,57.8,30.49,0.1611328125
1634,57.8,30.49,0.1611328125
1635,57.8,30.49,0.1611328125
1636,57.8,30.49,0.1611328125
1637,57.8,30.49,0.1611328125
1638,57.8,30.49,0.1611328125
1639,57.8,30.49,0.1611328125
1640,57.8,30.49,0.1611328125
1641,57.8,30.49,165.1
1642,57.8,30.49,0.1611328125
1643,57.8,30.49,0.1611328125
1644,57.8,30.49,0.1611328125
1645,57.8,30.49,0.1611328125
1646,57.8,30.49,0.1611328125
1647,57.8,30.49,0.1611328125
1648,57.8,30.49,0.1611328125
1649,57.8,30.49,0.1611328125
1650,57.8,30.49,0.1611328125
1651,57.8,30.49,0.1611328125
1652,57.8,30.49,165.1
1653,57.8,30.49,0.1611328125
1654,57.8,30.49,0.1611328125
1655,57.8,30.49,0.1611328125
1656,57.8,30.49,165.1
1657,57.8,30.49,0.1611328125
1658,57.8,30.49,0.1611328125
1659,57.8,30.49,0.1611328125
1660,57.8,30.49,165.1
1661,57.8,30.49,0.1611328125
1662,57.8,30.49,0.1611328125
1663,57.8,30.49,0.1611328125
1664,57.8,30.49,165.1
1665,57.8,30.49,0.1611328125
1666,57.8,30.49,0.1611328125
1667,57.8,30.49,0.1611328125
1668,57.8,30.49,0.1611328125
1669,57.8,30.49,0.1611328125
1670,57.8,30.49,0.1611328125
1671,57.8,30.49,0.1611328125
1672,57.8,30.49,0.1611328125
1673,57.8,30.49,0.1611328125
1674,57.8,30.49,0.1611328125
1675,57.8,30.49,0.1611328125
1676,57.8,30.49,0.1611328125
1677,57.8,30.49,0.1611328125
1678,57.8,30.49,0.1611328125
1679,57.8,30.49,165.1
1680,57.8,30.49,0.1611328125
1681,57.8,30.49,0.1611328125
1682,57.8,30.49,0.1611328125
1683,57.8,30.49,0.1611328125
1684,57.8,30.49,0.1611328125
1685,57.8,30.49,0.1611328125
1686,57.8,30.49,0.1611328125
1687,57.8,30.49,0.1611328125
1688,57.8,30.49,0.1611328125
1689,57.8,30.49,0.1611328125
1690,57.8,30.49,165.1
1691,57.8,30.49,0.1611328125
1692,57.8,30.49,0.1611328125
1693,57.8,30.49,0.1611328125
1694,57.8,30.49,0.1611328125
1695,57.8,30.49,0.1611328125
1696,57.8,30.49,0.1611328125
1697,57.8,30.49,0.1611328125
1698,57.8,30.49,0.1611328125
1699,57.8,30.49,165.1
1700,57.8,30.49,165.1
1701,57.8,30.49,0.1611328125
1702,57.8,30.49,0.1611328125
1703,57.8,30.49,165.1
1704,57.8,30.49,165.1
1705,57.8,30.49,0.1611328125
1706,57.8,30.49,0.1611328125
1707,57.8,30.49,0.1611328125
1708,57.8,30.49,0.1611328125
1709,57.8,30.49,0.1611328125
1710,57.8,30.49,0.1611328125
1711,57.8,30.49,0.1611328125
1712,57.8,30.49,0.1611328125
1713,57.8,30.49,0.1611328125
1714,57.8,30.49,0.1611328125
1715,57.8,30.49,0.1611328125
1716,57.8,30.49,0.1611328125
1717,57.8,30.49,0.1611328125
1718,57.8,30.49,0.1611328125
1719,57.8,30.49,0.1611328125
1720,57.8,30.49,0.1611328125
1721,57.8,30.49,0.1611328125
1722,57.8,30.49,165.1
1723,57.8,30.49,0.1611328125
1724,57.8,30.49,0.1611328125
1725,57.8,30.49,0.1611328125
1726,57.8,30.49,0.1611328125
1727,57.8,30.49,0.1611328125
1728,57.8,30.49,0.1611328125
1729,57.8,30.49,0.1611328125
1730,57.8,30.49,0.1611328125
1731,57.8,30.49,0.1611328125
1732,57.8,30.49,0.1611328125
1733,57.8,30.49,165.1
1734,57.8,30.49,0.1611328125
1735,57.8,30.49,0.1611328125
1736,57.8,30.49,165.1
1737,57.8,30.49,0.1611328125
1738,57.8,30.49,0.1611328125
1739,57.8,30.49,0.1611328125
1740,57.8,30.49,0.1611328125
1741,57.8,30.49,0.1611328125
1742,57.8,30.49,0.1611328125
1743,57.8,30.49,0.1611328125
1744,57.8,30.49,0.1611328125
1745,57.8,30.49,0.1611328125
1746,57.8,30.49,0.1611328125
1747,57.8,30.49,0.1611328125
1748,57.8,30.49,0.1611328125
1749,57.8,30.49,0.1611328125
1750,57.8,30.49,0.1611328125
1751,57.8,30.49,0.1611328125
1752,57.8,30.49,0.1611328125
1753,57.8,30.49,0.1611328125
1754,57.8,30.49,0.1611328125
1755,57.8,30.49,0.1611328125
1756,57.8,30.49,0.1611328125
1757,57.8,30.49,0.1611328125
1758,57.8,30.49,0.1611328125
1759,57.8,30.49,0.1611328125
1760,57.8,30.49,0.1611328125
1761,57.8,30.49,165.1
1762,57.8,30.49,0.1611328125
1763,57.8,30.49,0.1611328125
1764,57.8,30.49,0.1611328125
1765,57.8,30.49,0.1611328125
1766,57.8,30.49,165.1
1767,57.8,30.49,0.1611328125
1768,57.8,30.49,0.1611328125
1769,57.8,30.49,0.1611328125
1770,57.8,30.49,0.1611328125
1771,57.8,30.49,0.1611328125
1772,57.8,30.49,0.1611328125
1773,57.8,30.49,0.1611328125
1774,57.8,30.49,0.1611328125
1775,57.8,30.49,0.1611328125
1776,57.8,30.49,0.1611328125
1777,57.8,30.49,0.1611328125
1778,57.8,30.49,0.1611328125
1779,57.8,30.49,0.1611328125
1780,57.8,30.49,0.1611328125
1781,57.8,30.49,0.1611328125
1782,57.8,30.49,0.1611328125
1783,57.8,30.49,0.1611328125
1784,57.8,30.49,0.1611328125
1785,57.8,30.49,0.1611328125
1786,57.8,30.49,0.1611328125
1787,57.8,30.49,0.1611328125
1788,57.8,30.49,0.1611328125
1789,57.8,30.49,0.1611328125
1790,57.8,30.49,165.1
1791,57.8,30.49,0.1611328125
1792,57.8,30.49,0.1611328125
1793,57.8,30.49,0.1611328125
1794,57.8,30.49,165.1
1795,57.8,30.49,0.1611328125
1796,57.8,30.49,0.1611328125
1797,57.8,30.49,0.1611328125
1798,57.8,30.49,0.1611328125
1799,57.8,30.49,165.1
1800,57.8,30.49,0.1611328125
1801,57.8,30.49,165.1
1802,57.8,30.49,0.1611328125
1803,57.8,30.49,0.1611328125
1804,57.8,30.49,0.1611328125
1805,57.8,30.49,0.1611328125
1806,57.8,30.49,0.1611328125
1807,57.8,30.49,0.1611328125
1808,57.8,30.49,0.1611328125
1809,57.8,30.49,0.1611328125
1810,57.8,30.49,0.1611328125
1811,57.8,30.49,0.1611328125
1812,57.8,30.49,0.1611328125
1813,57.8,30.49,0.1611328125
1814,57.8,30.49,0.1611328125
1815,57.8,30.49,0.1611328125
1816,57.8,30.49,0.1611328125
1817,57.8,30.49,0.1611328125
1818,57.8,30.49,0.1611328125
1819,57.8,30.49,167.1
1820,57.8,30.49,0.1630859375
1821,57.8,30.49,0.1630859375
1822,57.8,30.49,0.1630859375
1823,57.8,30.49,0.1630859375
1824,57.8,30.49,0.1630859375
1825,57.8,30.49,167.1
1826,57.8,30.49,0.1630859375
1827,57.8,30.49,0.1630859375
1828,57.8,30.49,167.1
1829,57.8,30.49,0.1630859375
1830,57.8,30.49,0.1630859375
1831,57.8,30.49,0.1630859375
1832,57.8,30.49,0.1630859375
1833,57.8,30.49,0.1630859375
1834,57.8,30.49,0.1630859375
1835,57.8,30.49,0.1630859375
1836,57.8,30.49,0.1630859375
1837,57.8,30.49,0.1630859375
1838,57.8,30.49,0.1630859375
1839,57.8,30.49,0.1630859375
1840,57.8,30.49,0.1630859375
1841,57.8,30.49,0.1630859375
1842,57.8,30.49,0.1630859375
1843,57.8,30.49,0.1630859375
1844,57.8,30.49,0.1630859375
1845,57.8,30.49,0.1630859375
1846,57.8,30.49,0.1630859375
1847,57.8,30.49,0.1630859375
1848,57.8,30.49,167.1
1849,57.8,30.49,0.1630859375
1850,57.8,30.49,0.1630859375
1851,57.8,30.49,0.1630859375
1852,57.8,30.49,0.1630859375
1853,57.8,30.49,0.1630859375
1854,57.8,30.49,0.1630859375
1855,57.8,30.49,0.1630859375
1856,57.8,30.49,0.1630859375
1857,57.8,30.49,0.1630859375
1858,57.8,30.49,0.1630859375
1859,57.8,30.49,0.1630859375
1860,57.8,30.49,0.1630859375
1861,57.8,30.49,0.1630859375
1862,57.8,30.49,0.1630859375
1863,57.8,30.49,0.1630859375
1864,57.8,30.49,0.1630859375
1865,57.8,30.49,0.1630859375
1866,57.8,30.49,0.1630859375
1867,57.8,30.49,0.1630859375
1868,57.8,30.49,0.1630859375
1869,57.8,30.49,0.1630859375
1870,57.8,30.49,0.1630859375
1871,57.8,30.49,0.1630859375
1872,57.8,30.49,0.1630859375
1873,57.8,30.49,0.1630859375
1874,57.8,30.49,0.1630859375
1875,57.8,30.49,0.1630859375
1876,57.8,30.49,0.1630859375
1877,57.8,30.49,0.1630859375
1878,57.8,30.49,0.1630859375
1879,57.8,30.49,167.1
1880,57.8,30.49,0.1630859375
1881,57.8,30.49,0.1630859375
1882,57.8,30.49,0.1630859375
1883,57.8,30.49,0.1630859375
1884,57.8,30.49,0.1630859375
1885,57.8,30.49,0.1630859375
1886,57.8,30.49,0.1630859375
1887,57.8,30.49,0.1630859375
1888,57.8,30.49,0.1630859375
1889,57.8,30.49,0.1630859375
1890,57.8,30.49,167.1
1891,57.8,30.49,0.1630859375
1892,57.8,30.49,0.1630859375
1893,57.8,30.49,0.1630859375
1894,57.8,30.49,0.1630859375
1895,57.8,30.49,167.1
1896,57.8,30.49,0.1630859375
1897,57.8,30.49,0.1630859375
1898,57.8,30.49,0.1630859375
1899,57.8,30.49,0.1630859375
1900,57.8,30.49,0.1630859375
1901,57.8,30.49,0.1630859375
1902,57.8,30.49,0.1630859375
1903,57.8,30.49,0.1630859375
1904,57.8,30.49,0.1630859375
1905,57.8,30.49,0.1630859375
1906,57.8,30.49,0.1630859375
1907,57.8,30.49,167.1
1908,57.8,30.49,167.1
1909,57.8,30.49,0.1630859375
1910,57.8,30.49,0.1630859375
1911,57.8,30.49,0.1630859375
1912,57.8,30.49,0.1630859375
1913,57.8,30.49,0.1630859375
1914,57.8,30.49,0.1630859375
1915,57.8,30.49,0.1630859375
1916,57.8,30.49,0.1630859375
1917,57.8,30.49,0.1630859375
1918,57.8,30.49,0.1630859375
1919,57.8,30.49,0.1630859375
1920,57.8,30.49,0.1630859375
1921,57.8,30.49,0.1630859375
1922,57.8,30.49,0.1630859375
1923,57.8,30.49,0.1630859375
1924,57.8,30.49,0.1630859375
1925,57.8,30.49,0.1630859375
1926,57.8,30.49,0.1630859375
1927,57.8,30.49,0.1630859375
1928,57.8,30.49,0.1630859375
1929,57.8,30.49,0.1630859375
1930,57.8,30.49,0.1630859375
1931,57.8,30.49,0.1630859375
1932,57.8,30.49,0.1630859375
1933,57.8,30.49,0.1630859375
1934,57.8,30.49,0.1630859375
1935,57.8,30.49,0.1630859375
1936,57.8,30.49,0.1630859375
1937,57.8,30.49,0.1630859375
1938,57.8,30.49,0.1630859375
1939,57.8,30.49,167.1
1940,57.8,30.49,0.1630859375
1941,57.8,30.49,0.1630859375
1942,57.8,30.49,0.1630859375
1943,57.8,30.49,0.1630859375
1944,57.8,30.49,0.1630859375
1945,57.8,30.49,0.1630859375
1946,57.8,30.49,167.1
1947,57.8,30.49,0.1630859375
1948,57.8,30.49,167.1
1949,57.8,30.49,0.1630859375
1950,57.8,30.49,0.1630859375
1951,57.8,30.49,0.1630859375
1952,57.8,30.49,0.1630859375
1953,57.8,30.49,0.1630859375
1954,57.8,30.49,0.1630859375
1955,57.8,30.49,0.1630859375
1956,57.8,30.49,0.1630859375
1957,57.8,30.49,167.1
1958,57.8,30.49,0.1630859375
1959,57.8,30.49,0.1630859375
1960,57.8,30.49,167.1
1961,57.8,30.49,0.1630859375
1962,57.8,30.49,0.1630859375
1963,57.8,30.49,0.1630859375
1964,57.8,30.49,167.1
1965,57.8,30.49,167.1
1966,57.8,30.49,0.1630859375
1967,57.8,30.49,0.1630859375
1968,57.8,30.49,0.1630859375
1969,57.8,30.49,0.1630859375
1970,57.8,30.49,0.1630859375
1971,57.8,30.49,0.1630859375
1972,57.8,30.49,0.1630859375
1973,57.8,30.49,0.1630859375
1974,57.8,30.49,167.1
1975,57.8,30.49,0.1630859375
1976,57.8,30.49,0.1630859375
1977,57.8,30.49,0.1630859375
1978,57.8,30.49,0.1630859375
1979,57.8,30.49,0.1630859375
1980,57.8,30.49,0.1630859375
1981,57.8,30.49,0.1630859375
1982,57.8,30.49,0.1630859375
1983,57.8,30.49,167.1
1984,57.8,30.49,0.1630859375
1985,57.8,30.49,0.1630859375
1986,57.8,30.49,0.1630859375
1987,57.8,30.49,0.1630859375
1988,57.8,30.49,0.1630859375
1989,57.8,30.49,167.1
1990,57.8,30.49,0.1630859375
1991,57.8,30.49,0.1630859375
1992,57.8,30.49,0.1630859375
1993,57.8,30.49,167.1
1994,57.8,30.49,0.1630859375
1995,57.8,30.49,0.1630859375
1996,57.8,30.49,0.1630859375
1997,57.8,30.49,0.1630859375
1998,57.8,30.49,0.1630859375
1999,57.8,30.49,167.1
2000,57.8,30.49,167.1
2001,57.8,30.49,0.1630859375
2002,57.8,30.49,0.1630859375
2003,57.8,30.49,167.1
2004,57.8,30.49,0.1630859375
2005,57.8,30.49,0.1630859375
2006,57.8,30.49,0.1630859375
2007,57.8,30.49,0.1630859375
2008,57.8,30.49,0.1630859375
2009,57.8,30.49,0.1630859375
2010,57.8,30.49,0.1630859375
2011,57.8,30.49,0.1630859375
2012,57.8,30.49,0.1630859375
2013,57.8,30.49,0.1630859375
2014,57.8,30.49,0.1630859375
2015,57.8,30.49,0.1630859375
2016,57.8,30.49,0.1630859375
2017,57.8,30.49,0.1630859375
2018,57.8,30.49,0.1630859375
2019,57.8,30.49,0.1630859375
2020,57.8,30.49,167.1
2021,57.8,30.49,0.1630859375
2022,57.8,30.49,0.1630859375
2023,57.8,30.49,167.1
2024,57.8,30.49,167.1
2025,57.8,30.49,0.1630859375
2026,57.8,30.49,0.1630859375
2027,57.8,30.49,0.1630859375
2028,57.8,30.49,0.1630859375
2029,57.8,30.49,0.1630859375
2030,57.8,30.49,0.1630859375
2031,57.8,30.49,0.1630859375
2032,57.8,30.49,0.1630859375
2033,57.8,30.49,0.1630859375
2034,57.8,30.49,0.1630859375
2035,57.8,30.49,0.1630859375
2036,57.8,30.49,0.1630859375
2037,57.8,30.49,167.1
2038,57.8,30.49,0.1630859375
2039,57.8,30.49,0.1630859375
2040,57.8,30.49,0.1630859375
2041,57.8,30.49,0.1630859375
2042,57.8,30.49,0.1630859375
2043,57.8,30.49,0.1630859375
2044,57.8,30.49,0.1630859375
2045,57.8,30.49,0.1630859375
2046,57.8,30.49,0.1630859375
2047,57.8,30.49,167.1
2048,57.8,30.49,0.1630859375
2049,57.8,30.49,0.1630859375
2050,57.8,30.49,0.1630859375
2051,57.8,30.49,0.1630859375
2052,57.8,30.49,0.1630859375
2053,57.8,30.49,0.1630859375
2054,57.8,30.49,0.1630859375
2055,57.8,30.49,169.1
2056,57.8,30.49,0.1650390625
2057,57.8,30.49,0.1650390625
2058,57.8,30.49,0.1650390625
2059,57.8,30.49,0.1650390625
2060,57.8,30.49,0.1650390625
2061,57.8,30.49,0.1650390625
2062,57.8,30.49,0.1650390625
2063,57.8,30.49,0.1650390625
2064,57.8,30.49,169.1
2065,57.8,30.49,0.1650390625
2066,57.8,30.49,0.1650390625
2067,57.8,30.49,0.1650390625
2068,57.8,30.49,0.1650390625
2069,57.8,30.49,0.1650390625
2070,57.8,30.49,0.1650390625
2071,57.8,30.49,0.1650390625
2072,57.8,30.49,0.1650390625
2073,57.8,30.49,0.1650390625
2074,57.8,30.49,0.1650390625
2075,57.8,30.49,0.1650390625
2076,57.8,30.49,0.1650390625
2077,57.8,30.49,0.1650390625
2078,57.8,30.49,0.1650390625
2079,57.8,30.49,0.1650390625
2080,57.8,30.49,0.1650390625
2081,57.8,30.49,0.1650390625
2082,57.8,30.49,0.1650390625
2083,57.8,30.49,0.1650390625
2084,57.8,30.49,0.1650390625
2085,57.8,30.49,169.1
2086,57.8,30.49,0.1650390625
2087,57.8,30.49,0.1650390625
2088,57.8,30.49,0.1650390625
2089,57.8,30.49,0.1650390625
2090,57.8,30.49,0.1650390625
2091,57.8,30.49,0.1650390625
2092,57.8,30.49,0.1650390625
2093,57.8,30.49,0.1650390625
2094,57.8,30.49,0.1650390625
2095,57.8,30.49,0.1650390625
2096,57.8,30.49,0.1650390625
2097,57.8,30.49,0.1650390625
2098,57.8,30.49,0.1650390625
2099,57.8,30.49,0.1650390625
2100,57.8,30.49,0.1650390625
2101,57.8,30.49,0.1650390625
2102,57.8,30.49,0.1650390625
2103,57.8,30.49,0.1650390625
2104,57.8,30.49,0.1650390625
2105,57.8,30.49,0.1650390625
2106,57.81,30.49,169.1
2107,57.81,30.49,0.1650390625
2108,57.81,30.49,169.1
2109,57.81,30.49,0.1650390625
2110,57.81,30.49,0.1650390625
2111,57.81,30.49,0.1650390625
2112,57.81,30.49,0.1650390625
2113,57.81,30.49,169.1
2114,57.81,30.49,0.1650390625
2115,57.81,30.49,0.1650390625
2116,57.81,30.49,0.1650390625
2117,57.81,30.49,0.1650390625
2118,57.81,30.49,0.1650390625
2119,57.81,30.49,0.1650390625
2120,57.81,30.49,0.1650390625
2121,57.81,30.49,0.1650390625
2122,57.81,30.49,169.1
2123,57.81,30.49,0.1650390625
2124,57.81,30.49,0.1650390625
2125,57.81,30.49,0.1650390625
2126,57.81,30.49,169.1
2127,57.81,30.49,0.1650390625
2128,57.81,30.49,0.1650390625
2129,57.81,30.49,0.1650390625
2130,57.81,30.49,0.1650390625
2131,57.81,30.49,169.1
2132,57.81,30.49,0.1650390625
2133,57.81,30.49,169.1
2134,57.81,30.49,169.1
2135,57.81,30.49,0.1650390625
2136,57.81,30.49,169.1
2137,57.81,30.49,0.1650390625
2138,57.81,30.49,169.1
2139,57.81,30.49,0.1650390625
2140,57.81,30.49,0.1650390625
2141,57.81,30.49,0.1650390625
2142,57.81,30.49,0.1650390625
2143,57.81,30.49,0.1650390625
2144,57.81,30.49,0.1650390625
2145,57.81,30.49,0.1650390625
2146,57.81,30.49,0.1650390625
2147,57.81,30.49,0.1650390625
2148,57.81,30.49,169.1
2149,57.81,30.49,0.1650390625
2150,57.81,30.49,0.1650390625
2151,57.81,30.49,0.1650390625
2152,57.81,30.49,0.1650390625
2153,57.81,30.49,0.1650390625
2154,57.81,30.49,0.1650390625
2155,57.81,30.49,0.1650390625
2156,57.81,30.49,0.1650390625
2157,57.81,30.49,169.1
2158,57.81,30.49,0.1650390625
2159,57.81,30.49,0.1650390625
2160,57.81,30.49,169.1
2161,57.81,30.49,0.1650390625
2162,57.81,30.49,0.1650390625
2163,57.81,30.49,0.1650390625
2164,57.81,30.49,0.1650390625
2165,57.81,30.49,169.1
2166,57.81,30.49,0.1650390625
2167,57.81,30.49,0.1650390625
2168,57.81,30.49,169.1
2169,57.81,30.49,169.1
2170,57.81,30.49,0.1650390625
2171,57.81,30.49,0.1650390625
2172,57.81,30.49,0.1650390625
2173,57.81,30.49,169.1
2174,57.81,30.49,0.1650390625
2175,57.81,30.49,169.1
2176,57.81,30.49,0.1650390625
2177,57.81,30.49,169.1
2178,57.81,30.49,0.1650390625
2179,57.81,30.49,0.1650390625
2180,57.81,30.49,0.1650390625
2181,57.81,30.49,0.1650390625
2182,57.81,30.49,0.1650390625
2183,57.81,30.49,0.1650390625
2184,57.81,30.49,0.1650390625
2185,57.81,30.49,0.1650390625
2186,57.81,30.49,0.1650390625
2187,57.81,30.49,0.1650390625
2188,57.81,30.49,0.1650390625
2189,57.81,30.49,0.1650390625
2190,57.81,30.49,0.1650390625
2191,57.81,30.49,0.1650390625
2192,57.81,30.49,0.1650390625
2193,57.81,30.49,0.1650390625
2194,57.81,30.49,0.1650390625
2195,57.81,30.49,0.1650390625
2196,57.81,30.49,0.1650390625
2197,57.81,30.49,0.1650390625
2198,57.81,30.49,0.1650390625
2199,57.81,30.49,0.1650390625
2200,57.81,30.49,0.1650390625
2201,57.81,30.49,0.1650390625
2202,57.81,30.49,0.1650390625
2203,57.81,30.49,0.1650390625
2204,57.81,30.49,0.1650390625
2205,57.81,30.49,0.1650390625
2206,57.81,30.49,0.1650390625
2207,57.81,30.49,0.1650390625
2208,57.81,30.49,169.1
2209,57.81,30.49,0.1650390625
2210,57.81,30.49,0.1650390625
2211,57.81,30.49,0.1650390625
2212,57.81,30.49,0.1650390625
2213,57.81,30.49,0.1650390625
2214,57.81,30.49,0.1650390625
2215,57.81,30.49,0.1650390625
2216,57.81,30.49,0.1650390625
2217,57.81,30.49,0.1650390625
2218,57.81,30.49,0.1650390625
2219,57.81,30.49,0.1650390625
2220,57.81,30.49,169.1
2221,57.81,30.49,0.1650390625
2222,57.81,30.49,0.1650390625
2223,57.81,30.49,0.1650390625
2224,57.81,30.49,0.1650390625
2225,57.81,30.49,0.1650390625
2226,57.81,30.49,0.1650390625
2227,57.81,30.49,0.1650390625
2228,57.81,30.49,0.1650390625
2229,57.81,30.49,0.1650390625
2230,57.81,30.49,0.1650390625
2231,57.81,30.49,0.1650390625
2232,57.81,30.49,0.1650390625
2233,57.81,30.49,0.1650390625
2234,57.81,30.49,0.1650390625
2235,57.81,30.49,0.1650390625
2236,57.81,30.49,0.1650390625
2237,57.81,30.49,0.1650390625
2238,57.81,30.49,0.1650390625
2239,57.81,30.49,0.1650390625
2240,57.81,30.49,0.1650390625
2241,57.81,30.49,0.1650390625
2242,57.81,30.49,0.1650390625
2243,57.81,30.49,0.1650390625
2244,57.81,30.49,169.1
2245,57.81,30.49,0.1650390625
2246,57.81,30.49,169.3
2247,57.81,30.49,0.1650390625
2248,57.81,30.49,0.1650390625
2249,57.81,30.49,0.1650390625
2250,57.81,30.49,0.1650390625
2251,57.81,30.49,0.1650390625
2252,57.81,30.49,0.1650390625
2253,57.81,30.49,0.1650390625
2254,57.81,30.49,0.1650390625
2255,57.81,30.49,0.1650390625
2256,57.81,30.49,0.1650390625
2257,57.81,30.49,0.1650390625
2258,57.81,30.49,0.1650390625
2259,57.81,30.49,0.1650390625
2260,57.81,30.49,169.1
2261,57.81,30.49,0.1650390625
2262,57.81,30.49,0.1650390625
2263,57.81,30.49,0.1650390625
2264,57.81,30.49,0.1650390625
2265,57.81,30.49,0.1650390625
2266,57.81,30.49,169.2
2267,57.81,30.49,169.1
2268,57.81,30.49,0.1650390625
2269,57.81,30.49,0.1650390625
2270,57.81,30.49,0.1650390625
2271,57.81,30.49,0.1650390625
2272,57.81,30.49,0.1650390625
2273,57.81,30.49,0.1650390625
2274,57.81,30.49,0.1650390625
2275,57.81,30.49,0.1650390625
2276,57.81,30.49,0.1650390625
2277,57.81,30.49,169.1
2278,57.81,30.49,0.1650390625
2279,57.81,30.49,0.1650390625
2280,57.81,30.49,0.1650390625
2281,57.81,30.49,0.1650390625
2282,57.81,30.49,0.1650390625
2283,57.81,30.49,0.1650390625
2284,57.81,30.49,0.1650390625
2285,57.81,30.49,169.1
2286,57.81,30.49,0.1650390625
2287,57.81,30.49,0.1650390625
2288,57.81,30.49,0.1650390625
2289,57.81,30.49,0.1650390625
2290,57.81,30.49,0.1650390625
2291,57.81,30.49,0.1650390625
2292,57.81,30.49,0.1669921875
2293,57.81,30.49,0.1669921875
2294,57.81,30.49,171.1
2295,57.81,30.49,0.1669921875
2296,57.81,30.49,0.1669921875
2297,57.81,30.49,0.1669921875
2298,57.81,30.49,0.1669921875
2299,57.81,30.49,171.1
2300,57.81,30.49,0.1669921875
2301,57.81,30.49,0.1669921875
2302,57.81,30.49,0.1669921875
2303,57.81,30.49,0.1669921875
2304,57.81,30.49,0.1669921875
2305,57.81,30.49,0.1669921875
2306,57.81,30.49,171.1
2307,57.81,30.49,0.1669921875
2308,57.81,30.49,0.1669921875
2309,57.81,30.49,0.1669921875
2310,57.81,30.49,0.1669921875
2311,57.81,30.49,0.1669921875
2312,57.81,30.49,0.1669921875
2313,57.81,30.49,0.1669921875
2314,57.81,30.49,0.1669921875
2315,57.81,30.49,0.1669921875
2316,57.81,30.49,0.1669921875
2317,57.81,30.49,0.1669921875
2318,57.81,30.49,0.1669921875
2319,57.81,30.49,0.1669921875
2320,57.81,30.49,0.1669921875
2321,57.81,30.49,0.1669921875
2322,57.81,30.49,0.1669921875
2323,57.81,30.49,0.1669921875
2324,57.81,30.49,0.1669921875
2325,57.81,30.49,0.1669921875
2326,57.81,30.49,0.1669921875
2327,57.81,30.49,0.1669921875
2328,57.81,30.49,0.1669921875
2329,57.81,30.49,171.1
2330,57.81,30.49,0.1669921875
2331,57.81,30.49,0.1669921875
2332,57.81,30.49,0.1669921875
2333,57.81,30.49,0.1669921875
2334,57.81,30.49,0.1669921875
2335,57.81,30.49,0.1669921875
2336,57.81,30.49,0.1669921875
2337,57.81,30.49,0.1669921875
2338,57.81,30.49,0.1669921875
2339,57.81,30.49,171.1
2340,57.81,30.49,0.1669921875
2341,57.81,30.49,0.1669921875
2342,57.81,30.49,0.1669921875
2343,57.81,30.49,0.1669921875
2344,57.81,30.49,0.1669921875
2345,57.81,30.49,0.1669921875
2346,57.81,30.49,0.1669921875
2347,57.81,30.49,0.1669921875
2348,57.81,30.49,0.1669921875
2349,57.81,30.49,0.1669921875
2350,57.81,30.49,0.1669921875
2351,57.81,30.49,0.1669921875
2352,57.81,30.49,0.1669921875
2353,57.81,30.49,0.1669921875
2354,57.81,30.49,0.1669921875
2355,57.81,30.49,171.1
2356,57.81,30.49,0.1669921875
2357,57.81,30.49,0.1669921875
2358,57.81,30.49,0.1669921875
2359,57.81,30.49,0.1669921875
2360,57.81,30.49,0.1669921875
2361,57.81,30.49,0.1669921875
2362,57.81,30.49,0.1669921875
2363,57.81,30.49,0.1669921875
2364,57.81,30.49,0.1669921875
2365,57.81,30.49,0.1669921875
2366,57.81,30.49,0.1669921875
2367,57.81,30.49,0.1669921875
2368,57.81,30.49,171.1
2369,57.81,30.49,0.1669921875
2370,57.81,30.49,0.1669921875
2371,57.81,30.49,171.1
2372,57.81,30.49,0.1669921875
2373,57.81,30.49,0.1669921875
2374,57.81,30.49,0.1669921875
2375,57.81,30.49,0.1669921875
2376,57.81,30.49,0.1669921875
2377,57.81,30.49,0.1669921875
2378,57.81,30.49,0.1669921875
2379,57.81,30.49,0.1669921875
2380,57.81,30.49,0.1669921875
2381,57.81,30.49,0.1669921875
2382,57.81,30.49,0.1669921875
2383,57.81,30.49,0.1669921875
2384,57.81,30.49,0.1669921875
2385,57.81,30.49,0.1669921875
2386,57.81,30.49,0.1669921875
2387,57.81,30.49,0.1669921875
2388,57.81,30.49,0.1669921875
2389,57.81,30.49,0.1669921875
2390,57.81,30.49,0.1669921875
2391,57.81,30.49,0.1669921875
2392,57.81,30.49,171.1
2393,57.81,30.49,0.1669921875
2394,57.81,30.49,0.1669921875
2395,57.81,30.49,0.1669921875
2396,57.81,30.49,0.1669921875
2397,57.81,30.49,0.1669921875
2398,57.81,30.49,171.1
2399,57.81,30.49,0.1669921875
2400,57.81,30.49,0.1669921875
2401,57.81,30.49,0.1669921875
2402,57.81,30.49,0.1669921875
2403,57.81,30.49,0.1669921875
2404,57.81,30.49,0.1669921875
2405,57.81,30.49,0.1669921875
2406,57.81,30.49,0.1669921875
2407,57.81,30.49,0.1669921875
2408,57.81,30.49,0.1669921875
2409,57.81,30.49,0.1669921875
2410,57.81,30.49,0.1669921875
2411,57.81,30.49,0.1669921875
2412,57.81,30.49,0.1669921875
2413,57.81,30.49,0.1669921875
2414,57.81,30.49,0.1669921875
2415,57.81,30.49,0.1669921875
2416,57.81,30.49,0.1669921875
2417,57.81,30.49,0.1669921875
2418,57.81,30.49,0.1669921875
2419,57.81,30.49,0.1669921875
2420,57.81,30.49,0.1669921875
2421,57.81,30.49,0.1669921875
2422,57.81,30.49,0.1669921875
2423,57.81,30.49,0.1669921875
2424,57.81,30.49,0.1669921875
2425,57.81,30.49,0.1669921875
2426,57.81,30.49,0.1669921875
2427,57.81,30.49,0.1669921875
2428,57.81,30.49,0.1669921875
2429,57.81,30.49,0.1669921875
2430,57.81,30.49,0.1669921875
2431,57.81,30.49,0.1669921875
2432,57.81,30.49,0.1669921875
2433,57.81,30.49,0.1669921875
2434,57.81,30.49,0.1669921875
2435,57.81,30.49,0.1669921875
2436,57.81,30.49,0.1669921875
2437,57.81,30.49,0.1669921875
2438,57.81,30.49,171.1
2439,57.81,30.49,0.1669921875
2440,57.81,30.49,0.1669921875
2441,57.81,30.49,0.1669921875
2442,57.81,30.49,0.1669921875
2443,57.81,30.49,0.1669921875
2444,57.81,30.49,0.1669921875
2445,57.81,30.49,0.1669921875
2446,57.81,30.49,0.1669921875
2447,57.81,30.49,0.1669921875
2448,57.81,30.49,0.1669921875
2449,57.81,30.49,0.1669921875
2450,57.81,30.49,0.1669921875
2451,57.81,30.49,0.1669921875
2452,57.81,30.49,0.1669921875
2453,57.81,30.49,0.1669921875
2454,57.81,30.49,0.1669921875
2455,57.81,30.49,0.1669921875
2456,57.81,30.49,171.1
2457,57.81,30.49,0.1669921875
2458,57.81,30.49,0.1669921875
2459,57.81,30.49,0.1669921875
2460,57.81,30.49,0.1669921875
2461,57.81,30.49,0.1669921875
2462,57.81,30.49,0.1669921875
2463,57.81,30.49,0.1669921875
2464,57.81,30.49,0.1669921875
2465,57.81,30.49,0.1669921875
2466,57.81,30.49,0.1669921875
2467,57.81,30.49,0.1669921875
2468,57.81,30.49,171.1
2469,57.81,30.49,0.1669921875
2470,57.81,30.49,0.1669921875
2471,57.81,30.49,171.1
2472,57.81,30.49,0.1669921875
2473,57.81,30.49,0.1669921875
2474,57.81,30.49,0.1669921875
2475,57.81,30.49,0.1669921875
2476,57.81,30.49,0.1669921875
2477,57.81,30.49,0.1669921875
2478,57.81,30.49,0.1669921875
2479,57.81,30.49,0.1669921875
2480,57.81,30.49,0.1669921875
2481,57.81,30.49,171.1
2482,57.81,30.49,0.1669921875
2483,57.81,30.49,0.1669921875
2484,57.81,30.49,0.1669921875
2485,57.81,30.49,0.1669921875
2486,57.81,30.49,0.1669921875
2487,57.81,30.49,0.1669921875
2488,57.81,30.49,0.1669921875
2489,57.81,30.49,0.1669921875
2490,57.81,30.49,0.1669921875
2491,57.81,30.49,0.1669921875
2492,57.81,30.49,0.1669921875
2493,57.81,30.49,0.1669921875
2494,57.81,30.49,0.1669921875
2495,57.81,30.49,0.1669921875
2496,57.81,30.49,0.1669921875
2497,57.81,30.49,0.1669921875
2498,57.81,30.49,0.1669921875
2499,57.81,30.49,0.1669921875
2500,57.81,30.49,0.1669921875
2501,57.81,30.49,0.1669921875
2502,57.81,30.49,0.1669921875
2503,57.81,30.49,0.1669921875
2504,57.81,30.49,171.1
2505,57.81,30.49,171.1
2506,57.81,30.49,0.1669921875
2507,57.81,30.49,0.1669921875
2508,57.81,30.49,0.1669921875
2509,57.81,30.49,0.1669921875
2510,57.81,30.49,0.1669921875
2511,57.81,30.49,171.1
2512,57.81,30.49,171.1
2513,57.81,30.49,0.1669921875
2514,57.81,30.49,0.1669921875
2515,57.81,30.49,0.1669921875
2516,57.81,30.49,171.1
2517,57.81,30.49,0.1669921875
2518,57.81,30.49,0.1669921875
2519,57.81,30.49,0.1669921875
2520,57.81,30.49,0.1669921875
2521,57.81,30.49,0.1669921875
2522,57.81,30.49,0.1669921875
2523,57.81,30.49,0.1669921875
2524,57.81,30.49,0.1669921875
2525,57.81,30.49,0.1669921875
2526,57.81,30.49,0.1669921875
2527,57.81,30.49,0.1669921875
2528,57.81,30.49,171.1
2529,57.81,30.49,0.1689453125
2530,57.81,30.49,0.1689453125
2531,57.81,30.49,0.1689453125
2532,57.81,30.49,0.1689453125
2533,57.81,30.49,0.1689453125
2534,57.81,30.49,0.1689453125
2535,57.81,30.49,0.1689453125
2536,57.81,30.49,0.1689453125
2537,57.81,30.49,0.1689453125
2538,57.81,30.49,0.1689453125
2539,57.81,30.49,173.1
2540,57.81,30.49,0.1689453125
2541,57.81,30.49,173.1
2542,57.81,30.49,0.1689453125
2543,57.81,30.49,0.1689453125
2544,57.81,30.49,0.1689453125
2545,57.81,30.49,0.1689453125
2546,57.81,30.49,0.1689453125
2547,57.81,30.49,173.1
2548,57.81,30.49,0.1689453125
2549,57.81,30.49,0.1689453125
2550,57.81,30.49,0.1689453125
2551,57.81,30.49,0.1689453125
2552,57.81,30.49,0.1689453125
2553,57.81,30.49,0.1689453125
2554,57.81,30.49,0.1689453125
2555,57.81,30.49,173.1
2556,57.81,30.49,0.1689453125
2557,57.81,30.49,0.1689453125
2558,57.81,30.49,0.1689453125
2559,57.81,30.49,0.1689453125
2560,57.81,30.49,0.1689453125
2561,57.81,30.49,0.1689453125
2562,57.81,30.49,0.1689453125
2563,57.81,30.49,0.1689453125
2564,57.81,30.49,0.1689453125
2565,57.81,30.49,0.1689453125
2566,57.81,30.49,0.1689453125
2567,57.81,30.49,0.1689453125
2568,57.81,30.49,0.1689453125
2569,57.81,30.49,0.1689453125
2570,57.81,30.49,173.1
2571,57.81,30.49,0.1689453125
2572,57.81,30.49,0.1689453125
2573,57.81,30.49,0.1689453125
2574,57.81,30.49,0.1689453125
2575,57.81,30.49,0.1689453125
2576,57.81,30.49,0.1689453125
2577,57.81,30.49,0.1689453125
2578,57.81,30.49,0.1689453125
2579,57.81,30.49,0.1689453125
2580,57.81,30.49,0.1689453125
2581,57.81,30.49,173.1
2582,57.81,30.49,0.1689453125
2583,57.81,30.49,173.1
2584,57.81,30.49,0.1689453125
2585,57.81,30.49,0.1689453125
2586,57.81,30.49,0.1689453125
2587,57.81,30.49,0.1689453125
2588,57.81,30.49,0.1689453125
2589,57.81,30.49,0.1689453125
2590,57.81,30.49,0.1689453125
2591,57.81,30.49,0.1689453125
2592,57.81,30.49,0.1689453125
2593,57.81,30.49,0.1689453125
2594,57.81,30.49,0.1689453125
2595,57.81,30.49,0.1689453125
2596,57.81,30.49,0.1689453125
2597,57.81,30.49,0.1689453125
2598,57.81,30.49,0.1689453125
2599,57.81,30.49,0.1689453125
2600,57.81,30.49,173.1
2601,57.81,30.49,0.1689453125
2602,57.81,30.49,0.1689453125
2603,57.81,30.49,0.1689453125
2604,57.81,30.49,0.1689453125
2605,57.81,30.49,0.1689453125
2606,57.81,30.49,0.1689453125
2607,57.81,30.49,0.1689453125
2608,57.81,30.49,0.1689453125
2609,57.81,30.49,0.1689453125
2610,57.81,30.49,0.1689453125
2611,57.81,30.49,0.1689453125
2612,57.81,30.49,0.1689453125
2613,57.81,30.49,0.1689453125
2614,57.81,30.49,0.1689453125
2615,57.81,30.49,0.1689453125
2616,57.81,30.49,173.1
2617,57.81,30.49,0.1689453125
2618,57.81,30.49,0.1689453125
2619,57.81,30.49,0.1689453125
2620,57.81,30.49,0.1689453125
2621,57.81,30.49,0.1689453125
2622,57.81,30.49,0.1689453125
2623,57.81,30.49,0.1689453125
2624,57.81,30.49,0.1689453125
2625,57.81,30.49,0.1689453125
2626,57.81,30.49,0.1689453125
2627,57.81,30.49,0.1689453125
2628,57.81,30.49,0.1689453125
2629,57.81,30.49,0.1689453125
2630,57.81,30.49,0.1689453125
2631,57.81,30.49,0.1689453125
2632,57.81,30.49,0.1689453125
2633,57.81,30.49,0.1689453125
2634,57.81,30.49,0.1689453125
2635,57.81,30.49,0.1689453125
2636,57.81,30.49,0.1689453125
2637,57.81,30.49,0.1689453125
2638,57.81,30.49,0.1689453125
2639,57.81,30.49,0.1689453125
2640,57.81,30.49,0.1689453125
2641,57.81,30.49,173.1
2642,57.81,30.49,0.1689453125
2643,57.81,30.49,0.1689453125
2644,57.81,30.49,0.1689453125
2645,57.81,30.49,0.1689453125
2646,57.81,30.49,0.1689453125
2647,57.81,30.49,0.1689453125
2648,57.81,30.49,0.1689453125
2649,57.81,30.49,173.1
2650,57.81,30.49,0.1689453125
2651,57.81,30.49,0.1689453125
2652,57.81,30.49,173.1
2653,57.81,30.49,0.1689453125
2654,57.81,30.49,0.1689453125
2655,57.81,30.49,0.1689453125
2656,57.81,30.49,0.1689453125
2657,57.81,30.49,0.1689453125
2658,57.81,30.49,0.1689453125
2659,57.81,30.49,0.1689453125
2660,57.81,30.49,0.1689453125
2661,57.81,30.49,0.1689453125
2662,57.81,30.49,0.1689453125
2663,57.81,30.49,0.1689453125
2664,57.81,30.49,0.1689453125
2665,57.81,30.49,0.1689453125
2666,57.81,30.49,0.1689453125
2667,57.81,30.49,0.1689453125
2668,57.81,30.49,0.1689453125
2669,57.81,30.49,0.1689453125
2670,57.81,30.49,173.1
2671,57.81,30.49,0.1689453125
2672,57.81,30.49,0.1689453125
2673,57.81,30.49,0.1689453125
2674,57.81,30.49,0.1689453125
2675,57.81,30.49,0.1689453125
2676,57.81,30.49,0.1689453125
2677,57.81,30.49,0.1689453125
2678,57.81,30.49,0.1689453125
2679,57.81,30.49,0.1689453125
2680,57.81,30.49,0.1689453125
2681,57.81,30.49,0.1689453125
2682,57.81,30.49,0.1689453125
2683,57.81,30.49,0.1689453125
2684,57.81,30.49,0.1689453125
2685,57.81,30.49,173.1
2686,57.81,30.49,0.1689453125
2687,57.81,30.49,0.1689453125
2688,57.81,30.49,0.1689453125
2689,57.81,30.49,0.1689453125
2690,57.81,30.49,173.1
2691,57.81,30.49,0.1689453125
2692,57.81,30.49,0.1689453125
2693,57.81,30.49,0.1689453125
2694,57.81,30.49,0.1689453125
2695,57.81,30.49,173.1
2696,57.81,30.49,0.1689453125
2697,57.81,30.49,0.1689453125
2698,57.81,30.49,0.1689453125
2699,57.81,30.49,0.1689453125
2700,57.81,30.49,0.1689453125
2701,57.81,30.49,0.1689453125
2702,57.81,30.49,173.1
2703,57.81,30.49,0.1689453125
2704,57.81,30.49,0.1689453125
2705,57.81,30.49,0.1689453125
2706,57.81,30.49,173.1
2707,57.81,30.49,173.1
2708,57.81,30.49,173.1
2709,57.81,30.49,0.1689453125
2710,57.81,30.49,173.1
2711,57.81,30.49,173.1
2712,57.81,30.49,0.1689453125
2713,57.81,30.49,0.1689453125
2714,57.81,30.49,0.1689453125
2715,57.81,30.49,0.1689453125
2716,57.81,30.49,0.1689453125
2717,57.81,30.49,0.1689453125
2718,57.81,30.49,0.1689453125
2719,57.81,30.49,0.1689453125
2720,57.81,30.49,0.1689453125
2721,57.81,30.49,0.1689453125
2722,57.81,30.49,0.1689453125
2723,57.81,30.49,0.1689453125
2724,57.81,30.49,0.1689453125
2725,57.81,30.49,0.1689453125
2726,57.81,30.49,0.1689453125
2727,57.81,30.49,0.1689453125
2728,57.81,30.49,0.1689453125
2729,57.81,30.49,0.1689453125
2730,57.81,30.49,0.1689453125
2731,57.81,30.49,0.1689453125
2732,57.81,30.49,0.1689453125
2733,57.81,30.49,0.1689453125
2734,57.81,30.49,0.1689453125
2735,57.81,30.49,0.1689453125
2736,57.81,30.49,0.1689453125
2737,57.81,30.49,0.1689453125
2738,57.81,30.49,0.1689453125
2739,57.81,30.49,0.1689453125
2740,57.81,30.49,0.1689453125
2741,57.81,30.49,0.1689453125
2742,57.81,30.49,0.1689453125
2743,57.81,30.49,0.1689453125
2744,57.81,30.49,0.1689453125
2745,57.81,30.49,0.1689453125
2746,57.81,30.49,0.1689453125
2747,57.81,30.49,0.1689453125
2748,57.81,30.49,173.1
2749,57.81,30.49,0.1689453125
2750,57.81,30.49,0.1689453125
2751,57.81,30.49,0.1689453125
2752,57.81,30.49,0.1689453125
2753,57.81,30.49,0.1689453125
2754,57.81,30.49,0.1689453125
2755,57.81,30.49,0.1689453125
2756,57.81,30.49,0.1689453125
2757,57.81,30.49,0.1689453125
2758,57.81,30.49,0.1689453125
2759,57.81,30.49,0.1689453125
2760,57.81,30.49,0.1689453125
2761,57.81,30.49,0.1689453125
2762,57.81,30.49,0.1689453125
2763,57.81,30.49,0.1689453125
2764,57.81,30.49,0.1689453125
2765,57.81,30.49,0.1689453125
2766,57.81,30.49,175.1
2767,57.81,30.49,0.1708984375
2768,57.81,30.49,0.1708984375
2769,57.81,30.49,0.1708984375
2770,57.81,30.49,0.1708984375
2771,57.81,30.49,0.1708984375
2772,57.81,30.49,0.1708984375
2773,57.81,30.49,0.1708984375
2774,57.81,30.49,0.1708984375
2775,57.81,30.49,0.1708984375
2776,57.81,30.49,0.1708984375
2777,57.81,30.49,0.1708984375
2778,57.81,30.49,0.1708984375
2779,57.81,30.49,0.1708984375
2780,57.81,30.49,0.1708984375
2781,57.81,30.49,0.1708984375
2782,57.81,30.49,0.1708984375
2783,57.81,30.49,0.1708984375
2784,57.81,30.49,0.1708984375
2785,57.81,30.49,0.1708984375
2786,57.81,30.49,0.1708984375
2787,57.81,30.49,175.1
2788,57.81,30.49,0.1708984375
2789,57.81,30.49,0.1708984375
2790,57.81,30.49,0.1708984375
2791,57.81,30.49,0.1708984375
2792,57.81,30.49,0.1708984375
2793,57.81,30.49,0.1708984375
2794,57.81,30.49,0.1708984375
2795,57.81,30.49,0.1708984375
2796,57.81,30.49,0.1708984375
2797,57.81,30.49,0.1708984375
2798,57.81,30.49,0.1708984375
2799,57.81,30.49,0.1708984375
2800,57.81,30.49,0.1708984375
2801,57.81,30.49,175.1
2802,57.81,30.49,175.1
2803,57.81,30.49,175.1
2804,57.81,30.49,0.1708984375
2805,57.81,30.49,0.1708984375
2806,57.81,30.49,0.1708984375
2807,57.81,30.49,0.1708984375
2808,57.81,30.49,0.1708984375
2809,57.81,30.49,0.1708984375
2810,57.81,30.49,175.1
2811,57.81,30.49,0.1708984375
2812,57.81,30.49,0.1708984375
2813,57.81,30.49,0.1708984375
2814,57.81,30.49,0.1708984375
2815,57.81,30.49,0.1708984375
2816,57.81,30.49,0.1708984375
2817,57.81,30.49,0.1708984375
2818,57.81,30.49,0.1708984375
2819,57.81,30.49,0.1708984375
2820,57.81,30.49,175.1
2821,57.81,30.49,0.1708984375
2822,57.81,30.49,0.1708984375
2823,57.81,30.49,0.1708984375
2824,57.81,30.49,0.1708984375
2825,57.81,30.49,175.1
2826,57.81,30.49,0.1708984375
2827,57.81,30.49,0.1708984375
2828,57.81,30.49,0.1708984375
2829,57.81,30.49,0.1708984375
2830,57.81,30.49,0.1708984375
2831,57.81,30.49,0.1708984375
2832,57.81,30.49,0.1708984375
2833,57.81,30.49,0.1708984375
2834,57.81,30.49,0.1708984375
2835,57.81,30.49,0.1708984375
2836,57.81,30.49,0.1708984375
2837,57.81,30.49,0.1708984375
2838,57.81,30.49,0.1708984375
2839,57.81,30.49,0.1708984375
2840,57.81,30.49,0.1708984375
2841,57.81,30.49,0.1708984375
2842,57.81,30.49,0.1708984375
2843,57.81,30.49,0.1708984375
2844,57.81,30.49,0.1708984375
2845,57.81,30.49,0.1708984375
2846,57.81,30.49,175.1
2847,57.81,30.49,0.1708984375
2848,57.81,30.49,0.1708984375
2849,57.81,30.49,0.1708984375
2850,57.81,30.49,0.1708984375
2851,57.81,30.49,0.1708984375
2852,57.81,30.49,0.1708984375
2853,57.81,30.49,0.1708984375
2854,57.81,30.49,0.1708984375
2855,57.81,30.49,0.1708984375
2856,57.81,30.49,0.1708984375
2857,57.81,30.49,0.1708984375
2858,57.81,30.49,0.1708984375
2859,57.81,30.49,0.1708984375
2860,57.81,30.49,0.1708984375
2861,57.81,30.49,175.1
2862,57.81,30.49,0.1708984375
2863,57.81,30.49,0.1708984375
2864,57.81,30.49,0.1708984375
2865,57.81,30.49,175.1
2866,57.81,30.49,0.1708984375
2867,57.81,30.49,0.1708984375
2868,57.81,30.49,0.1708984375
2869,57.81,30.49,0.1708984375
2870,57.81,30.49,175.1
2871,57.81,30.49,0.1708984375
2872,57.81,30.49,0.1708984375
2873,57.81,30.49,0.1708984375
2874,57.81,30.49,0.1708984375
2875,57.81,30.49,0.1708984375
2876,57.81,30.49,0.1708984375
2877,57.81,30.49,0.1708984375
2878,57.81,30.49,175.1
2879,57.81,30.49,0.1708984375
2880,57.81,30.49,0.1708984375
2881,57.81,30.49,0.1708984375
2882,57.81,30.49,175.1
2883,57.81,30.49,0.1708984375
2884,57.81,30.49,0.1708984375
2885,57.81,30.49,0.1708984375
2886,57.81,30.49,0.1708984375
2887,57.81,30.49,0.1708984375
2888,57.81,30.49,175.1
2889,57.81,30.49,0.1708984375
2890,57.81,30.49,0.1708984375
2891,57.81,30.49,0.1708984375
2892,57.81,30.49,0.1708984375
2893,57.81,30.49,0.1708984375
2894,57.81,30.49,0.1708984375
2895,57.81,30.49,0.1708984375
2896,57.81,30.49,0.1708984375
2897,57.81,30.49,0.1708984375
2898,57.81,30.49,0.1708984375
2899,57.81,30.49,0.1708984375
2900,57.81,30.49,0.1708984375
2901,57.81,30.49,0.1708984375
2902,57.81,30.49,175.1
2903,57.81,30.49,0.1708984375
2904,57.81,30.49,0.1708984375
2905,57.81,30.49,0.1708984375
2906,57.81,30.49,175.1
2907,57.81,30.49,0.1708984375
2908,57.81,30.49,0.1708984375
2909,57.81,30.49,0.1708984375
2910,57.81,30.49,0.1708984375
2911,57.81,30.49,175.1
2912,57.81,30.49,0.1708984375
2913,57.81,30.49,0.1708984375
2914,57.81,30.49,0.1708984375
2915,57.81,30.49,0.1708984375
2916,57.81,30.49,175.1
2917,57.81,30.49,0.1708984375
2918,57.81,30.49,0.1708984375
2919,57.81,30.49,0.1708984375
2920,57.81,30.49,0.1708984375
2921,57.81,30.49,175.1
2922,57.81,30.49,175.1
2923,57.81,30.49,0.1708984375
2924,57.81,30.49,0.1708984375
2925,57.81,30.49,175.1
2926,57.81,30.49,0.1708984375
2927,57.81,30.49,0.1708984375
2928,57.81,30.49,0.1708984375
2929,57.81,30.49,0.1708984375
2930,57.81,30.49,0.1708984375
2931,57.81,30.49,0.1708984375
2932,57.81,30.49,0.1708984375
2933,57.81,30.49,0.1708984375
2934,57.81,30.49,0.1708984375
2935,57.81,30.49,0.1708984375
2936,57.81,30.49,0.1708984375
2937,57.81,30.49,0.1708984375
2938,57.81,30.49,0.1708984375
2939,57.81,30.49,175.1
2940,57.81,30.49,0.1708984375
2941,57.81,30.49,0.1708984375
2942,57.81,30.49,175.1
2943,57.81,30.49,0.1708984375
2944,57.81,30.49,0.1708984375
2945,57.81,30.49,0.1708984375
2946,57.81,30.49,0.1708984375
2947,57.81,30.49,0.1708984375
2948,57.81,30.49,0.1708984375
2949,57.81,30.49,0.1708984375
2950,57.81,30.49,0.1708984375
2951,57.81,30.49,0.1708984375
2952,57.81,30.49,0.1708984375
2953,57.81,30.49,0.1708984375
2954,57.81,30.49,0.1708984375
2955,57.81,30.49,0.1708984375
2956,57.81,30.49,0.1708984375
2957,57.81,30.49,0.1708984375
2958,57.81,30.49,0.1708984375
2959,57.81,30.49,0.1708984375
2960,57.81,30.49,0.1708984375
2961,57.81,30.49,0.1708984375
2962,57.81,30.49,0.1708984375
2963,57.81,30.49,0.1708984375
2964,57.81,30.49,0.1708984375
2965,57.81,30.49,0.1708984375
2966,57.81,30.49,0.1708984375
2967,57.81,30.49,0.1708984375
2968,57.81,30.49,0.1708984375
2969,57.81,30.49,0.1708984375
2970,57.81,30.49,0.1708984375
2971,57.81,30.49,0.1708984375
2972,57.81,30.49,0.1708984375
2973,57.81,30.49,0.1708984375
2974,57.81,30.49,0.1708984375
2975,57.81,30.49,0.1708984375
2976,57.81,30.49,0.1708984375
2977,57.81,30.49,175.1
2978,57.81,30.49,0.1708984375
2979,57.81,30.49,0.1708984375
2980,57.82,30.49,0.1708984375
2981,57.82,30.49,0.1708984375
2982,57.82,30.49,0.1708984375
2983,57.82,30.49,175.1
2984,57.82,30.49,175.1
2985,57.82,30.49,0.1708984375
2986,57.82,30.49,0.1708984375
2987,57.82,30.49,175.1
2988,57.82,30.49,175.1
2989,57.82,30.49,0.1708984375
2990,57.82,30.49,0.1708984375
2991,57.82,30.49,0.1708984375
2992,57.82,30.49,0.1708984375
2993,57.82,30.49,0.1708984375
2994,57.82,30.49,0.1708984375
2995,57.82,30.49,0.1708984375
2996,57.82,30.49,0.1708984375
2997,57.82,30.49,0.1708984375
2998,57.82,30.49,0.1708984375
2999,57.82,30.49,0.1708984375
3000,57.82,30.49,175.1
3001,57.82,30.49,0.1708984375
3002,57.82,30.49,0.1708984375
3003,57.82,30.49,0.1728515625
3004,57.82,30.49,0.1728515625
3005,57.82,30.49,0.1728515625
3006,57.82,30.49,0.1728515625
3007,57.82,30.49,0.1728515625
3008,57.82,30.49,0.1728515625
3009,57.82,30.49,0.1728515625
3010,57.82,30.49,0.1728515625
3011,57.82,30.49,0.1728515625
3012,57.82,30.49,0.1728515625
3013,57.82,30.49,0.1728515625
3014,57.82,30.49,0.1728515625
3015,57.82,30.49,177.1
3016,57.82,30.49,0.1728515625
3017,57.82,30.49,0.1728515625
3018,57.82,30.49,0.1728515625
3019,57.82,30.49,0.1728515625
3020,57.82,30.49,0.1728515625
3021,57.82,30.49,0.1728515625
3022,57.82,30.49,0.1728515625
3023,57.82,30.49,0.1728515625
3024,57.82,30.49,0.1728515625
3025,57.82,30.49,0.1728515625
3026,57.82,30.49,0.1728515625
3027,57.82,30.49,0.1728515625
3028,57.82,30.49,0.1728515625
3029,57.82,30.49,0.1728515625
3030,57.82,30.49,0.1728515625
3031,57.82,30.49,0.1728515625
3032,57.82,30.49,0.1728515625
3033,57.82,30.49,177.1
3034,57.82,30.49,0.1728515625
3035,57.82,30.49,0.1728515625
3036,57.82,30.49,0.1728515625
3037,57.82,30.49,0.1728515625
3038,57.82,30.49,0.1728515625
3039,57.82,30.49,0.1728515625
3040,57.82,30.49,0.1728515625
3041,57.82,30.49,0.1728515625
3042,57.82,30.49,0.1728515625
3043,57.82,30.49,0.1728515625
3044,57.82,30.49,0.1728515625
3045,57.82,30.49,0.1728515625
3046,57.82,30.49,0.1728515625
3047,57.82,30.49,0.1728515625
3048,57.82,30.49,177.1
3049,57.82,30.49,177.1
3050,57.82,30.49,177.1
3051,57.82,30.49,0.1728515625
3052,57.82,30.49,0.1728515625
3053,57.82,30.49,0.1728515625
3054,57.82,30.49,0.1728515625
3055,57.82,30.49,0.1728515625
3056,57.82,30.49,0.1728515625
3057,57.82,30.49,0.1728515625
3058,57.82,30.49,0.1728515625
3059,57.82,30.49,0.1728515625
3060,57.82,30.49,0.1728515625
3061,57.82,30.49,177.1
3062,57.82,30.49,177.1
3063,57.82,30.49,0.1728515625
3064,57.82,30.49,177.1
3065,57.82,30.49,0.1728515625
3066,57.82,30.49,0.1728515625
3067,57.82,30.49,0.1728515625
3068,57.82,30.49,177.1
3069,57.82,30.49,177.1
3070,57.82,30.49,0.1728515625
3071,57.82,30.49,0.1728515625
3072,57.82,30.49,0.1728515625
3073,57.82,30.49,177.1
3074,57.82,30.49,0.1728515625
3075,57.82,30.49,0.1728515625
3076,57.82,30.49,0.1728515625
3077,57.82,30.49,0.1728515625
3078,57.82,30.49,0.1728515625
3079,57.82,30.49,0.1728515625
3080,57.82,30.49,0.1728515625
3081,57.82,30.49,0.1728515625
3082,57.82,30.49,0.1728515625
3083,57.82,30.49,0.1728515625
3084,57.82,30.49,0.1728515625
3085,57.82,30.49,0.1728515625
3086,57.82,30.49,0.1728515625
3087,57.82,30.49,0.1728515625
3088,57.82,30.49,0.1728515625
3089,57.82,30.49,0.1728515625
3090,57.82,30.49,0.1728515625
3091,57.82,30.49,0.1728515625
3092,57.82,30.49,0.1728515625
3093,57.82,30.49,0.1728515625
3094,57.82,30.49,0.1728515625
3095,57.82,30.49,0.1728515625
3096,57.82,30.49,0.1728515625
3097,57.82,30.49,177.1
3098,57.82,30.49,177.1
3099,57.82,30.49,0.1728515625
3100,57.82,30.49,0.1728515625
3101,57.82,30.49,0.1728515625
3102,57.82,30.49,0.1728515625
3103,57.82,30.49,0.1728515625
3104,57.82,30.49,0.1728515625
3105,57.82,30.49,0.1728515625
3106,57.82,30.49,0.1728515625
3107,57.82,30.49,177.1
3108,57.82,30.49,0.1728515625
3109,57.82,30.49,0.1728515625
3110,57.82,30.49,0.1728515625
3111,57.82,30.49,0.1728515625
3112,57.82,30.49,0.1728515625
3113,57.82,30.49,0.1728515625
3114,57.82,30.49,0.1728515625
3115,57.82,30.49,0.1728515625
3116,57.82,30.49,177.1
3117,57.82,30.49,0.1728515625
3118,57.82,30.49,0.1728515625
3119,57.82,30.49,0.1728515625
3120,57.82,30.49,0.1728515625
3121,57.82,30.49,177.1
3122,57.82,30.49,0.1728515625
3123,57.82,30.49,0.1728515625
3124,57.82,30.49,0.1728515625
3125,57.82,30.49,0.1728515625
3126,57.82,30.49,0.1728515625
3127,57.82,30.49,0.1728515625
3128,57.82,30.49,0.1728515625
3129,57.82,30.49,0.1728515625
3130,57.82,30.49,177.1
3131,57.82,30.49,0.1728515625
3132,57.82,30.49,0.1728515625
3133,57.82,30.49,0.1728515625
3134,57.82,30.49,0.1728515625
3135,57.82,30.49,0.1728515625
3136,57.82,30.49,0.1728515625
3137,57.82,30.49,0.1728515625
3138,57.82,30.49,0.1728515625
3139,57.82,30.49,0.1728515625
3140,57.82,30.49,0.1728515625
3141,57.82,30.49,0.1728515625
3142,57.82,30.49,177.1
3143,57.82,30.49,0.1728515625
3144,57.82,30.49,0.1728515625
3145,57.82,30.49,0.1728515625
3146,57.82,30.49,0.1728515625
3147,57.82,30.49,0.1728515625
3148,57.82,30.49,0.1728515625
3149,57.82,30.49,0.1728515625
3150,57.82,30.49,0.1728515625
3151,57.82,30.49,0.1728515625
3152,57.82,30.49,0.1728515625
3153,57.82,30.49,0.1728515625
3154,57.82,30.49,0.1728515625
3155,57.82,30.49,0.1728515625
3156,57.82,30.49,0.1728515625
3157,57.82,30.49,0.1728515625
3158,57.82,30.49,0.1728515625
3159,57.82,30.49,0.1728515625
3160,57.82,30.49,0.1728515625
3161,57.82,30.49,0.1728515625
3162,57.82,30.49,0.1728515625
3163,57.82,30.49,0.1728515625
3164,57.82,30.49,0.1728515625
3165,57.82,30.49,0.1728515625
3166,57.82,30.49,0.1728515625
3167,57.82,30.49,0.1728515625
3168,57.82,30.49,0.1728515625
3169,57.82,30.49,0.1728515625
3170,57.82,30.49,0.1728515625
3171,57.82,30.49,0.1728515625
3172,57.82,30.49,0.1728515625
3173,57.82,30.49,0.1728515625
3174,57.82,30.49,0.1728515625
3175,57.82,30.49,0.1728515625
3176,57.82,30.49,0.1728515625
3177,57.82,30.49,0.1728515625
3178,57.82,30.49,0.1728515625
3179,57.82,30.49,0.1728515625
3180,57.82,30.49,0.1728515625
3181,57.82,30.49,0.1728515625
3182,57.82,30.49,0.1728515625
3183,57.82,30.49,0.1728515625
3184,57.82,30.49,0.1728515625
3185,57.82,30.49,0.1728515625
3186,57.82,30.49,0.1728515625
3187,57.82,30.49,0.1728515625
3188,57.82,30.49,0.1728515625
3189,57.82,30.49,0.1728515625
3190,57.82,30.49,0.1728515625
3191,57.82,30.49,0.1728515625
3192,57.82,30.49,0.1728515625
3193,57.82,30.49,0.1728515625
3194,57.82,30.49,0.1728515625
3195,57.82,30.49,0.1728515625
3196,57.82,30.49,0.1728515625
3197,57.82,30.49,177.1
3198,57.82,30.49,0.1728515625
3199,57.82,30.49,0.1728515625
3200,57.82,30.49,0.1728515625
3201,57.82,30.49,0.1728515625
3202,57.82,30.49,0.1728515625
3203,57.82,30.49,0.1728515625
3204,57.82,30.49,0.1728515625
3205,57.82,30.49,0.1728515625
3206,57.82,30.49,0.1728515625
3207,57.82,30.49,0.1728515625
3208,57.82,30.49,177.2
3209,57.82,30.49,177.2
3210,57.82,30.49,0.1728515625
3211,57.82,30.49,0.1728515625
3212,57.82,30.49,0.1728515625
3213,57.82,30.49,0.1728515625
3214,57.82,30.49,0.1728515625
3215,57.82,30.49,0.1728515625
3216,57.82,30.49,0.1728515625
3217,57.82,30.49,0.1728515625
3218,57.82,30.49,0.1728515625
3219,57.82,30.49,0.1728515625
3220,57.82,30.49,0.1728515625
3221,57.82,30.49,0.1728515625
3222,57.82,30.49,0.1728515625
3223,57.82,30.49,0.1728515625
3224,57.82,30.49,0.1728515625
3225,57.82,30.49,0.1728515625
3226,57.82,30.49,0.1728515625
3227,57.82,30.49,0.1728515625
3228,57.82,30.49,0.1728515625
3229,57.82,30.49,0.1728515625
3230,57.82,30.49,0.1728515625
3231,57.82,30.49,177.2
3232,57.82,30.49,0.1728515625
3233,57.82,30.49,0.1728515625
3234,57.82,30.49,0.1728515625
3235,57.82,30.49,0.1728515625
3236,57.82,30.49,0.1728515625
3237,57.82,30.49,0.1728515625
3238,57.82,30.49,0.1728515625
3239,57.82,30.49,0.1728515625
3240,57.82,30.49,0.1728515625
3241,57.82,30.49,0.1728515625
3242,57.82,30.49,0.1728515625
3243,57.82,30.49,0.1728515625
3244,57.82,30.49,0.1728515625
3245,57.82,30.49,0.1728515625
3246,57.82,30.49,0.1728515625
3247,57.82,30.49,0.1728515625
3248,57.82,30.49,0.1728515625
3249,57.82,30.49,0.1728515625
3250,57.82,30.49,0.1728515625
3251,57.82,30.49,0.1728515625
3252,57.82,30.49,177.2
3253,57.82,30.49,177.1
3254,57.82,30.49,177.1
3255,57.82,30.49,177.1
3256,57.82,30.49,177.2
3257,57.82,30.49,177.1
3258,57.82,30.49,177.2
3259,57.82,30.49,177.1
3260,57.82,30.49,177.2
3261,57.82,30.49,177.1
3262,57.82,30.49,177.1
3263,57.82,30.49,177.1
3264,57.82,30.49,177.1
3265,57.82,30.49,177.1
3266,57.82,30.49,177.1
3267,57.82,30.49,177.1
3268,57.82,30.49,177.1
3269,57.82,30.49,177.1
3270,57.82,30.49,177.1
3271,57.82,30.49,177.1
3272,57.82,30.49,177.1
3273,57.82,30.49,177.1
3274,57.82,30.49,177.1
3275,57.82,30.49,177.1
3276,57.82,30.49,177.1
3277,57.82,30.49,177.1
3278,57.82,30.49,177.1
3279,57.82,30.49,177.1
3280,57.82,30.49,177.1
3281,57.82,30.49,177.1
3282,57.82,30.49,177.1
3283,57.82,30.49,177.2
3284,57.82,30.49,177.1
3285,57.82,30.49,177.2
3286,57.82,30.49,177.1
3287,57.82,30.49,177.2
3288,57.82,30.49,177.1
3289,57.82,30.49,177.1
3290,57.82,30.49,177.1
3291,57.82,30.49,177.2
3292,57.82,30.49,177.1
3293,57.82,30.49,177.1
3294,57.82,30.49,177.2
3295,57.82,30.49,177.1
3296,57.82,30.49,177.1
3297,57.82,30.49,177.1
3298,57.82,30.49,177.1
3299,57.82,30.49,177.1
3300,57.82,30.49,177.1
3301,57.82,30.49,177.1
3302,57.82,30.49,177.2
3303,57.82,30.49,177.1
3304,57.82,30.49,177.1
3305,57.82,30.49,177.1
3306,57.82,30.49,177.1
3307,57.82,30.49,177.2
3308,57.82,30.49,177.1
3309,57.82,30.49,177.1
3310,57.82,30.49,177.1
3311,57.82,30.49,177.1
3312,57.82,30.49,177.1
3313,57.82,30.49,177.1
3314,57.82,30.49,177.2
3315,57.82,30.49,177.2
3316,57.82,30.49,177.2
3317,57.82,30.49,177.2
3318,57.82,30.49,177.2
3319,57.82,30.49,177.2
3320,57.82,30.49,177.2
3321,57.82,30.49,177.2
3322,57.82,30.49,177.2
3323,57.82,30.49,177.2
3324,57.82,30.49,177.2
3325,57.82,30.49,177.2
3326,57.82,30.49,177.2
3327,57.82,30.49,177.2
3328,57.82,30.49,177.2
3329,57.82,30.49,177.2
3330,57.82,30.49,177.2
3331,57.82,30.49,177.2
3332,57.82,30.49,177.2
3333,57.82,30.49,177.3
3334,57.82,30.49,177.2
3335,57.82,30.49,177.2
3336,57.82,30.49,177.2
3337,57.82,30.49,177.2
3338,57.82,30.49,177.2
3339,57.82,30.49,177.2
3340,57.82,30.49,177.2
3341,57.82,30.49,177.4
3342,57.82,30.49,177.2
3343,57.82,30.49,177.2
3344,57.82,30.49,177.2
3345,57.82,30.49,177.2
3346,57.82,30.49,177.2
3347,57.82,30.49,177.2
3348,57.82,30.49,177.4
3349,57.82,30.49,177.2
3350,57.82,30.49,177.2
3351,57.82,30.49,177.4
3352,57.82,30.49,177.2
3353,57.82,30.49,177.2
3354,57.82,30.49,177.2
3355,57.82,30.49,177.2
3356,57.82,30.49,177.2
3357,57.82,30.49,177.2
3358,57.82,30.49,177.2
3359,57.82,30.49,177.2
3360,57.82,30.49,177.2
3361,57.82,30.49,177.2
3362,57.82,30.49,177.2
3363,57.82,30.49,177.2
3364,57.82,30.49,177.2
3365,57.82,30.49,177.2
3366,57.82,30.49,177.2
3367,57.82,30.49,177.2
3368,57.82,30.49,177.2
3369,57.82,30.49,177.2
3370,57.82,30.49,177.2
3371,57.82,30.49,177.2
3372,57.82,30.49,177.2
3373,57.82,30.49,177.2
3374,57.82,30.49,177.2
3375,57.82,30.49,177.2
3376,57.82,30.49,177.2
3377,57.82,30.49,177.2
3378,57.82,30.49,177.2
3379,57.82,30.49,177.2
3380,57.82,30.49,177.2
3381,57.82,30.49,177.2
3382,57.82,30.49,177.2
3383,57.82,30.49,177.2
3384,57.82,30.49,177.2
3385,57.82,30.49,177.2
3386,57.82,30.49,177.2
3387,57.82,30.49,177.2
3388,57.82,30.49,177.2
3389,57.82,30.49,177.2
3390,57.82,30.49,177.2
3391,57.82,30.49,177.2
3392,57.82,30.49,177.2
3393,57.82,30.49,177.2
3394,57.82,30.49,177.2
3395,57.82,30.49,177.2
3396,57.82,30.49,177.2
3397,57.82,30.49,177.2
3398,57.82,30.49,177.3
3399,57.82,30.49,177.2
3400,57.82,30.49,177.2
3401,57.82,30.49,177.2
3402,57.82,30.49,177.2
3403,57.82,30.49,177.2
3404,57.82,30.49,177.3
3405,57.82,30.49,177.4
3406,57.82,30.49,177.2
3407,57.82,30.49,177.2
3408,57.82,30.49,177.2
3409,57.82,30.49,177.2
3410,57.82,30.49,177.2
3411,57.82,30.49,177.2
3412,57.82,30.49,177.2
3413,57.82,30.49,177.2
3414,57.82,30.49,177.2
3415,57.82,30.49,177.4
3416,57.82,30.49,177.2
3417,57.82,30.49,177.4
3418,57.82,30.49,177.2
3419,57.82,30.49,177.2
3420,57.82,30.49,177.2
3421,57.82,30.49,177.2
3422,57.82,30.49,177.2
3423,57.82,30.49,177.2
3424,57.82,30.49,177.2
3425,57.82,30.49,177.2
3426,57.82,30.49,177.2
3427,57.82,30.49,177.2
3428,57.82,30.49,177.2
3429,57.82,30.49,177.2
3430,57.82,30.49,177.2
3431,57.82,30.49,177.2
3432,57.82,30.49,177.2
3433,57.82,30.49,177.2
3434,57.82,30.49,177.2
3435,57.82,30.49,177.2
3436,57.82,30.49,177.4
3437,57.82,30.49,177.2
3438,57.82,30.49,177.2
3439,57.82,30.49,177.2
3440,57.82,30.49,177.2
3441,57.82,30.49,177.2
3442,57.82,30.49,177.2
3443,57.82,30.49,177.2
3444,57.82,30.49,177.2
3445,57.82,30.49,177.3
3446,57.82,30.49,177.3
3447,57.82,30.49,177.2
3448,57.82,30.49,177.2
3449,57.82,30.49,177.2
3450,57.82,30.49,177.2
3451,57.82,30.49,177.4
3452,57.82,30.49,177.2
3453,57.82,30.49,177.2
3454,57.82,30.49,177.2
3455,57.82,30.49,177.2
3456,57.82,30.49,177.2
3457,57.82,30.49,177.2
3458,57.82,30.49,177.2
3459,57.82,30.49,177.2
3460,57.82,30.49,177.2
3461,57.82,30.49,177.2
3462,57.82,30.49,177.2
3463,57.82,30.49,177.2
3464,57.82,30.49,177.2
3465,57.82,30.49,177.2
3466,57.82,30.49,177.4
3467,57.82,30.49,177.2
3468,57.82,30.49,177.2
3469,57.82,30.49,177.2
3470,57.82,30.49,177.2
3471,57.82,30.49,177.2
3472,57.82,30.49,177.2
3473,57.82,30.49,177.2
3474,57.82,30.49,177.2
3475,57.82,30.49,177.2
3476,57.82,30.49,177.2
3477,57.82,30.49,177.2
3478,57.82,30.49,177.2
3479,57.82,30.49,177.4
3480,57.82,30.49,177.2
3481,57.82,30.49,177.2
3482,57.82,30.49,177.2
3483,57.82,30.49,177.2
3484,57.82,30.49,177.4
3485,57.82,30.49,177.2
3486,57.82,30.49,177.2
3487,57.82,30.49,177.2
3488,57.82,30.49,177.4
3489,57.82,30.49,177.2
3490,57.82,30.49,177.2
3491,57.82,30.49,177.2
3492,57.82,30.49,177.2
3493,57.82,30.49,177.2
3494,57.82,30.49,177.2
3495,57.82,30.49,177.2
3496,57.82,30.49,177.2
3497,57.82,30.49,177.2
3498,57.82,30.49,177.2
3499,57.82,30.49,177.2
3500,57.82,30.49,177.2
3501,57.82,30.49,177.2
3502,57.82,30.49,177.2
3503,57.82,30.49,177.2
3504,57.82,30.49,177.4
3505,57.82,30.49,177.2
3506,57.82,30.49,177.2
3507,57.82,30.49,177.3
3508,57.82,30.49,177.2
3509,57.82,30.49,177.3
3510,57.82,30.49,177.3
3511,57.82,30.49,177.2
3512,57.82,30.49,177.3
3513,57.82,30.49,177.3
3514,57.82,30.49,177.3
3515,57.82,30.49,177.3
3516,57.82,30.49,177.2
3517,57.82,30.49,177.3
3518,57.82,30.49,177.3
3519,57.82,30.49,177.4
3520,57.82,30.49,177.3
3521,57.82,30.49,177.2
3522,57.82,30.49,177.2
3523,57.82,30.49,177.2
3524,57.82,30.49,177.2
3525,57.82,30.49,177.2
3526,57.82,30.49,177.2
3527,57.82,30.49,177.2
3528,57.82,30.49,177.2
3529,57.82,30.49,177.2
3530,57.82,30.49,177.2
3531,57.82,30.49,177.2
3532,57.82,30.49,177.2
3533,57.82,30.49,177.2
3534,57.82,30.49,177.2
3535,57.82,30.49,177.4
3536,57.82,30.49,177.2
3537,57.82,30.49,177.2
3538,57.82,30.49,177.2
3539,57.82,30.49,177.2
3540,57.82,30.49,177.2
3541,57.82,30.49,177.2
3542,57.82,30.49,177.2
3543,57.82,30.49,177.3
3544,57.82,30.49,177.4
3545,57.82,30.49,177.4
3546,57.82,30.49,177.4
3547,57.82,30.49,177.3
3548,57.82,30.49,177.3
3549,57.82,30.49,177.2
3550,57.82,30.49,177.3
3551,57.82,30.49,177.3
3552,57.82,30.49,177.2
3553,57.82,30.49,177.4
3554,57.82,30.49,177.4
3555,57.82,30.49,177.3
3556,57.82,30.49,177.3
3557,57.82,30.49,177.3
3558,57.82,30.49,177.3
3559,57.82,30.49,177.3
3560,57.82,30.49,177.4
3561,57.82,30.49,177.2
3562,57.82,30.49,177.2
3563,57.82,30.49,177.2
3564,57.82,30.49,177.2
3565,57.82,30.49,177.2
3566,57.82,30.49,177.2
3567,57.82,30.49,177.2
3568,57.82,30.49,177.2
3569,57.82,30.49,177.2
3570,57.82,30.49,177.2
3571,57.82,30.49,177.4
3572,57.82,30.49,177.2
3573,57.82,30.49,177.2
3574,57.82,30.49,177.2
3575,57.82,30.49,177.2
3576,57.82,30.49,177.2
3577,57.82,30.49,177.2
3578,57.82,30.49,177.2
3579,57.82,30.49,177.2
3580,57.82,30.49,177.2
3581,57.82,30.49,177.2
3582,57.82,30.49,177.4
3583,57.82,30.49,177.3
3584,57.82,30.49,177.3
3585,57.82,30.49,177.4
3586,57.82,30.49,177.3
3587,57.82,30.49,177.3
3588,57.82,30.49,177.3
3589,57.82,30.49,177.3
3590,57.82,30.49,177.2
3591,57.82,30.49,177.3
3592,57.82,30.49,177.3
3593,57.82,30.49,177.3
3594,57.82,30.49,177.3
3595,57.82,30.49,177.2
3596,57.82,30.49,177.2
3597,57.82,30.49,177.2
3598,57.82,30.49,177.2
3599,57.82,30.49,177.3
