[
    {
        "stock":"MEG",
        "value_at_risk%":-5.365715132,
        "volatility%":3.9499692973,
        "drawdown%":57.2481396806,
        "start_date":"2000-01-03",
        "end_date":"2023-02-10"
    },
    {
        "stock":"JGS",
        "value_at_risk%":-4.7623573876,
        "volatility%":3.3610994816,
        "drawdown%":43.1840442168,
        "start_date":"2000-01-03",
        "end_date":"2023-02-10"
    },
    {
        "stock":"BDO",
        "value_at_risk%":-3.3024878261,
        "volatility%":2.3640488086,
        "drawdown%":39.6706481174,
        "start_date":"2000-01-03",
        "end_date":"2023-02-10"
    },
    {
        "stock":"FGEN",
        "value_at_risk%":-3.8190794601,
        "volatility%":2.559254247,
        "drawdown%":30.6042594511,
        "start_date":"2000-01-03",
        "end_date":"2023-02-10"
    },
    {
        "stock":"ICT",
        "value_at_risk%":-4.827050136,
        "volatility%":3.520840141,
        "drawdown%":54.6450133659,
        "start_date":"2000-01-03",
        "end_date":"2023-02-10"
    },
    {
        "stock":"ALI",
        "value_at_risk%":-4.3904846336,
        "volatility%":3.0704869023,
        "drawdown%":56.0261658181,
        "start_date":"2000-01-03",
        "end_date":"2023-02-10"
    },
    {
        "stock":"SMC",
        "value_at_risk%":-3.4036744896,
        "volatility%":2.385955685,
        "drawdown%":45.2987832419,
        "start_date":"2000-01-03",
        "end_date":"2023-02-10"
    },
    {
        "stock":"TEL",
        "value_at_risk%":-3.6937631593,
        "volatility%":2.460022575,
        "drawdown%":44.6591155883,
        "start_date":"2000-01-03",
        "end_date":"2023-02-10"
    },
    {
        "stock":"GLO",
        "value_at_risk%":-4.1200436828,
        "volatility%":3.0926007247,
        "drawdown%":54.7580645161,
        "start_date":"2000-01-03",
        "end_date":"2023-02-10"
    },
    {
        "stock":"BLOOM",
        "value_at_risk%":-5.9849964057,
        "volatility%":7.061553563,
        "drawdown%":100.0,
        "start_date":"2000-01-03",
        "end_date":"2023-02-10"
    },
    {
        "stock":"RLC",
        "value_at_risk%":-4.529363935,
        "volatility%":3.4169892939,
        "drawdown%":65.9829059829,
        "start_date":"2000-01-03",
        "end_date":"2023-02-10"
    },
    {
        "stock":"MER",
        "value_at_risk%":-4.4985945162,
        "volatility%":3.2547357616,
        "drawdown%":76.0000283031,
        "start_date":"2000-01-03",
        "end_date":"2023-02-10"
    },
    {
        "stock":"AC",
        "value_at_risk%":-4.2906542969,
        "volatility%":2.7961709726,
        "drawdown%":46.6888271139,
        "start_date":"2000-01-03",
        "end_date":"2023-02-10"
    },
    {
        "stock":"PGOLD",
        "value_at_risk%":-3.1149193548,
        "volatility%":2.1348191805,
        "drawdown%":25.7997936017,
        "start_date":"2000-01-03",
        "end_date":"2023-02-10"
    },
    {
        "stock":"LTG",
        "value_at_risk%":-6.1532213027,
        "volatility%":31.2233168595,
        "drawdown%":1667.8069111995,
        "start_date":"2000-01-03",
        "end_date":"2023-02-10"
    },
    {
        "stock":"MPI",
        "value_at_risk%":-4.0558357546,
        "volatility%":3.4996761634,
        "drawdown%":81.132518797,
        "start_date":"2000-01-03",
        "end_date":"2023-02-10"
    },
    {
        "stock":"AP",
        "value_at_risk%":-3.1976412776,
        "volatility%":2.1872887646,
        "drawdown%":26.5408805031,
        "start_date":"2000-01-03",
        "end_date":"2023-02-10"
    },
    {
        "stock":"RRHI",
        "value_at_risk%":-3.0320628855,
        "volatility%":2.05393155,
        "drawdown%":24.5096675476,
        "start_date":"2000-01-03",
        "end_date":"2023-02-10"
    },
    {
        "stock":"URC",
        "value_at_risk%":-4.5323917096,
        "volatility%":3.199716131,
        "drawdown%":42.5426167842,
        "start_date":"2000-01-03",
        "end_date":"2023-02-10"
    },
    {
        "stock":"PSEI",
        "value_at_risk%":-1.8877999927,
        "volatility%":1.31881829,
        "drawdown%":30.9036565031,
        "start_date":"2000-01-03",
        "end_date":"2023-02-10"
    }
]